movie,Action,Adventure,Animation,Comedy,Crime,Documentary,Drama,Family,Fantasy,History,Horror,Music,Mystery,Romance,Science Fiction,TV Movie,Thriller,War,Western
418945f8-44ad-4ff4-a20c-098018973880,0,0,0,0,0,0,0,0,0,0,0,0,1,0,0,0,1,0,0
0372203a-5fa2-46de-96be-7422be17cb9f,1,0,0,0,0,0,1,0,0,1,0,0,0,0,0,0,0,1,0
f6feeaa9-c0a3-40ea-a367-6b83cf8a0efc,1,0,0,0,1,0,0,0,0,0,0,0,0,0,0,0,1,0,0
e425bb23-47d2-455b-87c0-2f8e9bcdafd3,0,0,0,1,0,0,1,1,0,0,0,0,0,1,0,0,0,0,0
3e399eca-dfe6-4143-b3ea-723bcb22842e,1,0,0,0,0,0,0,0,0,0,0,0,0,0,1,0,0,0,0
70befd45-db54-4e1c-bdd3-e96fdf73176f,0,1,1,0,0,0,0,1,1,0,0,0,0,0,0,0,0,0,0
85c8dc6c-6491-43b7-b325-8114fa947bfb,0,0,1,0,0,0,0,1,1,0,0,0,0,0,0,0,0,0,0
243bf359-36cf-4624-8508-7d73df052774,0,1,0,0,1,0,0,0,0,0,0,0,1,0,0,0,0,0,0
cd286a09-2910-461a-89a9-f70965374d0b,0,0,0,0,0,0,1,0,0,0,0,0,0,0,1,0,0,1,0
91a4cfa8-ca2f-4cbd-9eb7-aa656d4eb67d,1,0,0,1,0,0,0,0,0,0,0,0,1,0,0,0,0,0,0
1e4c22d7-7c29-46e3-9033-69c88af0ac58,0,0,0,0,1,0,1,0,0,0,0,0,1,0,0,0,1,0,0
4e5e1f39-04d8-4abe-ac0c-f000799003f0,0,1,0,0,0,0,0,1,1,0,0,0,0,0,0,0,0,0,0
3ab83b01-52c2-42e1-b826-3e894cd44c1f,0,0,0,0,0,0,0,0,0,0,1,0,0,0,0,0,0,0,0
1f086627-7845-4c16-b311-69628d58f843,1,1,0,0,0,0,0,0,1,0,0,0,0,0,0,0,0,0,0
02bc671b-3e16-4f5c-bfca-39902dcd3deb,1,1,0,0,0,0,1,0,0,1,0,0,0,0,0,0,0,1,0
fb579c66-3c7b-4d9a-9b40-79e0f90230f2,0,0,0,0,0,0,1,0,0,0,0,0,0,0,0,0,0,0,0
75fadf28-7208-4e37-b385-bbefab5084b1,1,0,1,0,0,0,1,0,0,0,0,0,0,0,1,0,0,0,0
66b75dfb-fdb6-44c0-83a4-45aff4969c82,0,0,0,1,0,0,0,0,0,0,0,0,0,0,0,0,0,0,0
395c818e-3de5-44dd-8f64-c8efb8217bfe,0,0,0,0,1,0,1,0,0,0,0,0,0,0,0,0,0,0,0
c281805c-d915-44aa-a0bb-35d558f25d8c,1,1,0,0,0,0,0,0,1,0,0,0,0,0,0,0,0,0,0
d4a527e6-0b66-4ea3-b43a-01401c436f4a,0,1,0,0,0,0,0,0,1,0,0,0,0,0,1,0,0,0,0
35434286-3abc-4d63-8292-fc97af73adf0,1,0,0,0,0,0,0,0,0,0,0,0,0,0,0,0,1,0,0
26495cbb-6d9c-48c7-a43b-7302c352f35a,1,1,0,0,0,0,0,0,0,0,0,0,0,0,1,0,0,0,0
eb540e79-d80e-45b2-8390-98740ab5f2bc,0,0,0,0,0,0,0,0,0,0,1,0,0,0,0,0,1,0,0
3bc1b291-a842-4a1b-9316-6d9a70951b18,1,0,0,0,0,0,1,0,0,0,0,0,0,0,0,0,1,0,0
11c7edcf-0ac2-4e3e-b1fc-8119e3878566,0,0,1,0,0,0,0,1,0,0,0,0,0,0,0,0,0,0,0
c5c53d53-5b1d-4991-a776-86f3b8c666f0,0,0,0,0,1,0,1,0,0,0,0,0,1,0,0,0,0,0,1
3310b74a-c612-4b82-84eb-17db8b975789,0,0,0,0,0,0,1,0,0,0,0,0,0,0,0,0,0,0,0
6fc94bed-0f27-4b95-81dc-7e1b4a95948c,0,0,0,0,1,0,0,0,0,0,0,0,0,0,0,0,1,0,0
e8581dd1-7d6f-4fb7-8be6-ac8451fea5dc,0,0,0,0,1,0,0,0,0,0,0,0,0,0,0,0,1,0,0
2ee2ab3d-db86-4728-bf5c-8ead72cff952,1,1,0,0,0,0,1,0,0,0,0,0,0,0,0,0,0,1,0
6fbe211e-b0cb-4b37-9a7f-7e6f7f8fce78,1,0,0,0,0,0,1,0,0,0,0,0,0,0,1,0,1,0,0
4fb3f828-62bb-4ca5-b1e8-cc3357f01542,0,1,0,0,0,0,0,0,1,0,0,0,0,1,0,0,0,0,0
3fd8cc26-add1-4473-89f0-f670662878eb,0,0,0,1,0,0,1,0,0,0,0,0,0,0,0,0,0,0,0
7798344f-b7c6-4b21-b21d-9f0610619dc9,1,0,0,0,1,0,0,0,0,0,0,0,0,0,0,0,1,0,0
bbf33a97-5d3f-4800-96f5-62de70dcc31c,0,1,1,1,0,0,0,1,0,0,0,0,0,0,0,0,0,0,0
15e0e0bf-9ad4-4dd2-b7ba-bc399720dfec,0,1,1,1,0,0,0,1,0,0,0,0,0,0,0,0,0,0,0
433f450c-b888-4f84-9965-bb6f460cdf26,0,0,0,0,0,0,1,0,0,0,0,0,0,1,0,0,0,0,0
bbc987df-b88c-4f42-b1d1-6b8c846b4415,0,0,1,1,0,0,0,1,0,0,0,0,0,0,1,0,0,0,0
e3655b0f-a911-4050-b556-cf19d1705b52,1,1,0,0,0,0,0,0,0,0,0,0,0,0,1,0,1,0,0
148a1930-fce4-497b-bcb4-e6d3a8fbec4b,0,0,1,0,0,0,0,1,0,0,0,0,0,0,0,0,0,0,0
842bc064-ebcf-439b-a260-bbe0c2d7560c,0,1,1,0,0,0,0,1,1,0,0,0,0,1,0,0,0,0,0
a794a6eb-9359-46c6-a5ae-3b9c1f842f7d,1,0,1,1,0,0,0,1,1,0,0,0,0,0,0,0,0,0,0
52fe06b1-46cb-4fcd-882d-9c4d5a234968,1,0,0,1,0,0,0,0,0,0,0,0,0,0,0,0,0,0,0
958bd269-7cba-4702-9f92-c7187b2ac32d,1,0,0,0,0,0,0,0,0,0,0,0,0,0,0,0,0,0,0
11a64bef-a0e2-4eb4-af2f-d8f54faa8bc2,1,0,0,0,0,0,1,0,0,0,0,0,0,0,1,0,0,0,0
972ff223-476c-44c7-a029-7816cb4f6af0,0,0,0,1,0,0,1,0,0,1,0,0,0,0,0,0,0,0,0
8c4e3a1f-a4b5-41e1-8c3f-b37e061b5edb,0,0,0,1,0,0,0,0,0,0,0,0,0,0,0,0,0,0,0
57c38127-6f86-4c1a-a907-0cb698967183,0,0,0,0,1,0,1,0,0,0,0,0,0,0,0,0,0,0,0
364ea196-6c7a-4863-a6d8-24325d9c86c4,1,1,0,0,0,0,0,0,0,0,0,0,0,0,0,0,0,0,0
3de08e40-94d1-4895-88c2-3dc04d7c8dba,0,0,0,0,0,0,1,0,0,0,0,0,0,0,1,0,1,0,0
63ee9bbb-9009-413f-920c-5edacbcaafcb,0,0,0,0,0,0,0,0,0,0,0,0,0,0,1,0,0,0,0
8fcd03f6-06bc-4ea3-80d5-8dd5953a591d,1,1,0,1,0,0,0,0,0,0,0,0,0,0,1,0,0,0,0
3c8fe746-dab1-4be9-a545-09ef2ecd2232,1,1,0,0,0,0,0,0,1,0,0,0,0,0,0,0,0,0,0
2c6f2f1d-70d9-497d-8c7a-a989efcc9eaf,0,0,1,0,0,0,0,1,1,0,0,0,0,1,0,0,0,0,0
777bcf06-593e-496e-903a-02c0749bc8f0,1,1,0,0,1,0,0,0,0,0,0,0,0,0,0,0,1,0,0
a6971e9e-b782-402a-ade0-50f61f430342,0,0,0,1,0,0,1,0,0,0,0,0,0,0,0,0,0,0,0
3edf1654-ef31-4625-9bfe-b9409091ed21,0,0,0,0,0,0,1,0,0,0,0,0,0,1,0,0,0,0,0
38d26275-3d18-447d-93f4-c469c6cf3045,0,0,0,1,0,0,1,0,0,0,0,0,0,1,0,0,0,0,0
7c348323-ccca-49fa-b87e-07ed44329b70,1,1,0,0,0,0,0,0,0,0,0,0,0,0,1,0,0,0,0
6557db5f-8432-448b-8129-5c1ef0261661,1,0,0,0,0,0,1,0,0,0,0,0,0,0,0,0,1,0,0
9f972de9-f0c5-4f4f-ab60-85649d7c9bca,0,1,0,0,0,0,0,0,1,0,0,0,0,0,0,0,0,0,0
d83f0095-729c-4d33-b709-edde6e84f9b1,0,1,1,1,0,0,0,1,0,0,0,0,0,0,0,0,0,0,0
a7d88591-144d-4466-acd8-e48e62f14a0b,0,0,0,0,0,0,0,0,0,0,0,0,0,0,0,0,1,0,0
c8658a9b-8f99-46f0-802e-942a4cb73718,1,1,0,1,1,0,0,0,0,0,0,0,0,0,0,0,1,0,0
cd522ee2-6bb4-4240-aecf-62bddf0d8a6d,0,0,0,0,0,1,0,0,0,0,0,0,0,0,0,0,0,0,0
c9e374ef-8d41-4376-b38d-f8185ef08c8d,1,0,1,0,0,0,0,0,0,0,0,0,0,0,0,0,0,0,0
9db6b9d6-28d5-45ee-998d-0759f3d8abbe,0,0,0,0,0,0,0,0,0,0,1,0,0,0,1,0,1,0,0
3e1d6a4c-9949-4977-bb4f-ba17f85e58b0,1,1,0,0,0,0,0,0,0,0,0,0,0,0,1,0,0,0,0
8ffca22d-b01b-456a-ac8f-60730be2b9e8,1,0,0,0,0,0,0,0,0,0,0,0,0,0,1,0,0,0,0
b717143d-7250-4fbc-8c61-d50b486d3c1a,0,0,0,0,0,1,0,0,0,0,0,0,0,0,0,0,0,0,0
ef47fa78-cae3-4d14-b35c-ad6294da5eb1,0,0,0,1,0,0,1,0,0,0,0,0,0,1,1,0,1,0,0
b5051e99-3baa-4682-862d-1777f8a4f655,0,0,0,0,1,0,1,0,1,0,0,0,0,0,0,0,0,0,0
22d8f3e0-623b-488c-82a5-a7adbe6ce635,0,0,0,0,1,0,1,0,0,0,0,0,0,0,0,0,0,0,0
af7303d8-5c58-4ca2-a1b3-25186449fad7,1,1,1,1,0,0,0,0,1,0,0,0,0,0,0,0,0,0,0
96d29221-f635-4e9d-8b01-89bbeb0a763b,0,1,0,0,0,0,1,0,0,0,0,0,0,0,0,0,0,1,0
1ee50510-ec14-4ca0-af8e-f501215d0fb8,0,0,0,0,0,0,1,0,0,0,0,0,0,1,0,0,0,0,0
05424932-ced1-41f9-8338-56bafc9bbeec,1,0,0,0,1,0,1,0,0,0,0,0,0,0,0,0,1,0,0
aee10a3e-01b9-4dbe-8bab-07be63e0d7f3,0,0,0,0,1,0,1,0,0,0,0,0,1,0,0,0,1,0,0
8adcd37d-909c-4a97-8b93-21ade3228223,1,1,0,0,0,0,0,0,0,0,0,0,0,0,0,0,1,0,0
24125b88-b50f-4a33-9e0c-e2721082d5c1,0,0,0,1,0,0,1,0,0,0,0,0,0,1,0,0,0,0,0
ded2bae4-ff65-4f31-a47f-719060fe17a4,1,1,1,0,0,0,0,1,0,0,0,0,0,0,0,0,0,0,0
7c3b4cb8-87b0-487a-9bb5-f9d62e6311e0,0,0,0,1,0,0,0,0,1,0,0,0,0,0,0,0,0,0,0
933a958b-842a-4934-81e4-0fdcbcceb46c,1,0,0,0,1,0,0,0,0,0,0,0,0,0,0,0,0,0,0
644ce916-809c-437d-bc9c-d92c4a7988cf,1,1,0,0,0,0,0,0,1,0,0,0,0,0,1,0,0,0,0
e9c3efd5-4fe3-4acb-bd93-3c80ff952d86,1,1,0,0,0,0,0,0,0,0,0,0,0,0,0,0,1,0,0
56d8f92d-db41-4a9f-8af9-bb6f2849efae,1,0,0,0,0,0,0,0,1,0,0,0,0,0,0,0,0,0,0
9c3b6145-8ceb-4eba-b70c-4a067f9e5ac5,0,0,0,0,0,0,1,1,1,0,0,0,0,1,0,0,0,0,0
b3fc80a5-8396-438a-9d7a-ad46ea49982a,0,1,1,0,0,0,0,1,0,0,0,0,0,0,0,0,0,0,0
bcd620d3-92c8-40b0-adc1-05446c78a69e,0,0,0,0,0,0,1,0,0,0,0,0,0,0,0,0,0,0,0
0e463028-409a-48cc-a180-098c3b4d873b,1,0,0,0,0,0,0,0,0,0,0,0,0,0,1,0,1,0,0
853c54ea-e6bc-4432-8fac-9a8f92130363,0,0,0,0,0,0,0,0,0,0,1,0,1,0,1,0,0,0,0
ed09696f-f10a-4202-9261-a0f55c53f531,0,1,0,0,0,0,0,1,1,0,0,0,0,0,0,0,0,0,0
cf93b079-7bde-4288-9df2-4cc8442ee7be,0,0,1,0,0,0,0,1,0,0,0,0,0,0,0,0,0,0,0
5a865974-c57b-4758-aef5-af39a937781a,0,0,0,0,0,0,1,0,0,0,0,0,0,0,0,0,0,0,0
fc35966b-bd61-4612-9b7f-9513b544a321,0,0,0,0,0,0,1,0,0,0,0,0,0,0,0,0,0,0,0
3583fc72-68e6-46b7-a239-e01ca0fada1c,1,0,0,0,1,0,1,0,0,0,0,0,0,0,0,0,1,0,0
96af1311-1498-4efd-8e85-0573c3d4a1fe,1,1,0,0,0,0,0,0,1,0,0,0,0,0,1,0,0,0,0
6bcbb344-8d9f-4147-8b5f-6b920dc2ec22,1,0,0,1,1,0,0,0,0,0,0,0,0,0,0,0,0,0,0
6019ead8-d85b-4f48-ae0b-6904a99238dc,0,0,0,0,1,0,1,0,0,0,0,0,0,0,0,0,1,0,0
a832b01d-eaa2-4cc5-82c9-665da1c6020e,1,1,0,0,0,0,0,0,1,0,0,0,0,0,1,0,0,0,0
04a2832d-a104-4802-8a20-7765de1a2ed2,1,0,0,0,1,0,1,0,0,0,0,0,0,0,0,0,1,0,0
7944ee6c-8534-4930-aa94-c7d9636e6b92,1,1,0,0,0,0,0,0,1,0,0,0,0,0,0,0,0,0,0
8dea58eb-5ab1-4b7f-922c-5bd55f251f64,0,0,0,0,1,0,1,0,0,0,0,0,0,0,0,0,0,0,0
972457c0-34ca-4bcc-9876-df686ff1f170,0,0,0,1,1,0,1,0,0,0,0,0,0,0,0,0,0,0,0
ab9bf373-d261-4342-84e8-57deb08f49dd,1,1,0,0,0,0,0,0,1,0,0,0,0,0,0,0,0,0,0
b7739aab-9aeb-48b6-9ef5-8a9e2ae0911b,0,1,1,0,0,0,0,1,0,0,0,0,0,0,0,0,0,0,0
ac6e5687-2fd1-49c9-a5ea-975d59e5c5a8,1,1,0,1,0,0,0,0,0,0,0,0,0,0,0,0,0,0,0
5f31a925-002a-45b5-a79f-16f2a8aa8a0c,1,0,0,0,0,0,0,0,0,0,0,0,0,0,1,0,1,0,0
0802493a-5876-42b0-9e30-ed2cabbf79ae,0,1,0,1,0,0,0,1,0,0,0,0,0,0,0,0,0,0,0
d75d25a0-2cad-41b2-af21-f5f05631bfb8,1,0,0,0,0,0,1,0,0,0,0,0,0,0,0,0,1,1,0
1149d87e-569f-4219-b23d-3cabe398b2db,0,0,0,0,0,0,1,0,0,1,0,0,0,0,0,0,0,0,0
c560c387-35b6-4a20-804f-46911f63fafd,0,1,0,0,0,0,0,1,1,0,0,0,0,0,0,0,0,0,0
92ed4918-297a-48a0-8675-689d9e3d7a60,0,1,0,0,0,0,0,1,1,0,0,0,0,0,0,0,0,0,0
bf751c95-bcd1-43b3-b7db-34465265ef6e,0,0,0,0,0,0,1,0,0,1,0,0,0,0,0,0,0,0,0
bbf573ab-b6e9-4203-85d4-c26570fe65ff,0,0,0,0,0,0,1,0,0,0,0,0,0,1,0,0,0,0,0
3ed392af-88dd-4aa8-af3e-bbabd3bd3a9c,0,0,0,1,0,0,0,0,0,0,0,0,0,0,0,0,0,0,0
820e755b-4485-43ce-9aa6-eac0feac3b72,0,0,0,1,0,0,0,0,0,0,0,0,0,1,0,0,0,0,0
0c90aeaf-dced-43a1-a4b8-d04a02ed2a5d,1,0,0,0,0,0,0,0,0,0,0,0,0,0,1,0,1,0,0
7a02b812-5351-4f99-8f40-fac7fde4cc90,0,0,0,0,0,0,1,0,0,0,0,0,0,0,0,0,0,0,0
8b525c79-45a5-4eee-a614-a7b6f5e2bfac,0,0,0,0,1,0,1,0,0,0,0,0,0,0,0,0,1,0,0
5cf363c1-cd17-4430-83c8-96671314654d,0,0,0,0,0,0,1,0,0,0,0,0,0,1,0,0,0,0,0
9c9ac661-1352-43aa-8dfa-b7c843f5f96d,1,0,0,0,1,0,0,0,0,0,0,0,0,0,0,0,1,0,0
6a9f7383-b086-4a6c-8bf5-7a3849f78f53,0,0,0,1,0,0,0,0,0,0,0,0,0,0,0,0,0,0,0
e5b7c5fe-f4e7-417d-84a5-d46299a67145,0,0,0,0,0,0,0,0,0,0,0,0,0,0,1,0,0,0,0
ccc3e0b6-a292-4f61-afaf-042b473ecf3c,0,0,0,0,1,0,1,0,0,0,0,0,0,0,0,0,0,0,0
c39ed6ed-1342-4ed2-8fb3-549d1f749968,1,1,0,0,0,0,0,0,0,0,0,0,0,0,1,0,0,0,0
6e0098cc-ca23-4efa-bf7b-19c0f4d0b938,1,1,0,0,0,0,1,0,0,0,0,0,0,0,0,0,0,0,0
da82ec01-b349-48e4-9de7-8d7aaa1425a4,0,1,1,1,0,0,0,1,0,0,0,0,0,0,0,0,0,0,0
d8c669bc-2a0a-4bc2-ac53-079b8af5a6bb,0,0,0,1,0,0,1,1,0,0,0,0,0,0,0,0,0,0,0
a32fea33-f8fb-4555-b9d4-118e60b60e76,0,0,0,1,0,0,0,0,1,0,0,0,0,0,0,0,0,0,0
a57625c5-29b5-40af-b767-7606ab7cb106,1,0,0,0,0,0,0,0,0,0,0,0,0,0,0,0,1,0,0
208705ef-81b3-4d16-8bde-573a20f2f479,0,0,0,0,0,0,1,0,0,0,0,0,0,0,0,0,0,0,0
711f180e-487c-4c78-aac1-5bb3aada872a,0,0,0,0,1,0,1,0,0,0,0,0,0,0,0,0,0,0,0
88483524-0ab1-44d6-88c7-eabc4f37d3df,0,0,0,0,0,0,1,0,0,0,1,1,0,0,0,0,0,0,0
30b391f3-940a-45e3-adff-b717ef188c6e,1,0,0,0,0,0,1,0,0,0,0,0,0,0,1,0,1,0,0
2e87ffe9-e245-486e-a9d5-022faae4815b,0,0,0,1,0,0,1,0,0,0,0,0,0,0,0,0,0,0,0
a9abe342-c10a-4768-9582-e030d9ab545e,1,1,0,0,0,0,0,0,0,0,0,0,0,0,1,0,0,0,0
a2a8d58f-f280-4d94-b397-1980bb5bd7c6,0,0,0,0,1,0,1,0,0,0,1,0,0,0,0,0,1,0,0
7e50582e-bf4b-4068-ba0f-8b4491719be6,0,0,1,0,0,0,0,1,0,0,0,0,0,0,0,0,0,0,0
79991fe5-370e-4235-aaeb-079fc23d8585,0,0,0,0,0,0,1,0,0,0,1,0,1,0,0,0,0,0,0
86eb347d-fe7e-409e-8048-bbc0d253f760,1,0,0,0,1,0,0,0,0,0,0,0,0,0,0,0,1,0,0
f332220a-f6ad-4595-82e7-611c29c89d69,0,0,0,1,0,0,0,0,1,0,0,0,0,0,0,0,0,0,0
c3aae92e-b7d6-4b17-ae29-8d060d64cf49,1,0,0,0,0,0,0,0,1,0,1,0,1,0,0,0,1,0,0
08bbdc00-ce17-4bea-9aaa-c63b11cd9168,0,0,0,0,0,0,1,0,0,0,0,0,0,1,0,0,0,0,0
6662d963-06db-4439-bec5-f8a90db57501,1,1,0,0,0,0,0,0,0,0,0,0,0,0,1,0,0,0,0
d13d1d25-60d3-4ae4-8df4-a91960f05420,0,0,0,1,0,0,1,0,0,1,0,0,0,0,0,0,0,0,0
fcf7bd2d-0a85-402c-bca2-1e8610901a83,0,0,0,0,0,0,0,0,0,0,0,0,1,0,0,0,1,0,0
8dbe06d1-aa00-463a-a184-c61819cd87dc,1,0,0,0,0,0,0,0,0,0,0,0,0,0,1,0,0,0,0
4ef51f9c-13a1-412c-98e7-a45bdb55eae5,1,1,0,0,0,0,0,0,1,0,0,0,0,0,1,0,0,0,0
078cd474-e9d4-4f85-90be-c30664103531,0,0,0,0,0,0,0,0,0,0,1,0,0,0,0,0,1,0,0
b30a6c07-68b9-4595-8090-b0a3adf28574,0,1,1,1,0,0,0,1,0,0,0,0,0,0,0,0,0,0,0
b11df315-2793-44ec-8105-383088a12f8e,1,1,1,1,0,0,0,1,0,0,0,0,0,0,0,0,0,0,0
775e256d-847e-4c86-92b7-ab991da8b27f,1,1,0,0,0,0,0,0,0,0,0,0,0,0,0,0,0,0,0
30d5b508-de86-4d40-b2db-82c56755cde3,0,0,0,1,0,0,0,0,1,0,0,0,0,0,0,0,0,0,0
7aa92956-3ee6-4d4e-b26d-6ebf62aae247,0,0,0,0,0,0,0,0,0,0,0,0,0,0,0,0,1,0,0
49793e06-c721-4867-8540-6d8a2cfc4a94,1,0,0,0,0,0,1,0,0,1,0,0,0,0,0,0,1,1,0
df9796be-efff-49be-adad-46c2c9826e5c,0,0,1,1,0,0,0,1,0,0,0,0,0,0,0,0,0,0,0
21c39150-7493-44f1-9497-0dd3861e4e08,1,1,0,0,0,0,0,0,0,0,0,0,0,0,0,0,0,0,0
3af4e7e5-6dd9-4a18-b749-23ee4dc2bfd0,0,0,0,0,0,0,1,0,1,0,0,0,1,0,1,0,1,0,0
cdf055e5-d570-4a19-a7f4-e03c527b30b7,1,0,0,0,0,0,0,0,0,0,1,0,0,0,1,0,0,0,0
f1a923a7-1edb-4bb3-8f1a-bc8903eb7155,0,0,0,1,0,0,0,0,1,0,0,0,0,0,0,0,0,0,0
ce38e154-bbe7-4975-9988-8308ffee27c9,0,0,0,0,1,0,1,0,0,0,0,0,0,0,0,0,0,0,0
9bae5b15-ea3e-4408-83ae-8e1cb4a07b39,0,0,0,0,0,0,0,0,0,0,1,0,1,0,0,0,1,0,0
014433f7-f159-41b0-a1d3-f3e138881c5c,0,0,0,0,0,0,0,0,0,0,0,0,0,0,0,0,1,0,0
f0d03d8a-0338-4b1d-8931-875d2eae4593,0,0,0,0,0,0,1,0,1,0,0,0,0,1,0,0,0,0,0
4486e59d-f134-4aaf-8752-8ce69ecb587b,0,1,0,0,0,0,0,1,1,0,0,0,0,0,0,0,0,0,0
a9e4836e-ae0c-4de1-8cfa-80442dc0e206,1,0,0,0,1,0,0,0,0,0,0,0,0,0,0,0,1,0,0
85a73279-5ade-47c4-a6f7-be52b0858c8b,0,0,0,0,0,0,1,0,0,0,0,0,0,1,0,0,0,0,0
7079e825-0518-48fa-b272-283691a6550e,0,0,0,0,0,0,0,0,0,0,0,0,1,0,0,0,1,0,0
12152473-5556-4e0e-b7ac-da0e8bbdc132,0,1,0,0,0,0,0,1,1,0,0,0,0,0,0,0,0,0,0
f9525690-6dff-4ef3-9cde-14b9ca2764b4,0,0,0,0,0,0,1,0,0,0,0,0,0,0,0,0,0,0,0
c87e8b3d-2caa-4206-a78c-dc0f18d6455b,1,1,0,0,0,0,0,0,1,0,0,0,0,0,1,0,1,0,0
a5f1970d-41f3-440a-96ed-e509cd681310,1,0,0,0,1,0,0,0,0,0,0,0,0,0,0,0,1,0,0
1f5f2efa-ee9c-4955-9e75-ea65f94a5894,0,1,0,1,0,0,0,0,0,0,0,0,0,0,0,0,0,0,0
dbf16b1f-dd97-469b-a9d5-6d4a1ee36419,0,0,0,0,0,0,1,0,0,0,0,0,0,0,0,0,0,0,0
b237280d-6f70-4357-a122-789087cd3ca6,0,0,0,0,0,0,0,0,0,0,1,0,0,0,0,0,0,0,0
7a256201-536e-407b-b3bf-0f82db85ce97,1,0,0,0,0,0,1,0,0,0,0,0,0,0,0,0,0,0,0
5d3e05d5-9ed2-4443-8d8d-b48b002a5a38,1,1,0,0,0,0,0,0,0,0,0,0,0,0,0,0,0,1,0
27a5b0c9-d3d4-4c90-99e1-8af34a9f60fc,1,0,0,0,1,0,0,0,0,0,0,0,0,0,0,0,1,0,0
b8f38e18-211c-4d06-9e56-acc3f3aba9dc,0,1,1,1,0,0,0,1,0,0,0,1,0,0,0,0,0,0,0
4ee622fe-f92b-463c-9e8b-5b576f8c22bc,0,0,0,0,0,0,0,0,0,0,1,0,1,0,0,0,1,0,0
82cedfff-12ba-4bd0-b308-53df0c9433be,0,0,1,1,0,0,0,1,1,0,0,0,0,0,0,0,0,0,0
bf3013ba-ad21-4d78-8c6c-e1288ef58c6d,1,0,0,0,0,0,0,0,0,0,0,0,0,0,1,0,1,0,0
cfacca40-e8ec-472c-b45a-a9461bdbac77,0,0,0,1,0,0,0,1,1,0,0,0,0,0,0,0,0,0,0
f4cd6c3a-16be-4186-bb6e-6962e5bb8dc1,0,0,0,1,0,0,1,0,0,0,0,0,0,0,0,0,0,0,0
68a70823-9389-4e06-b5c3-124c8bd01ff1,0,0,0,0,0,0,0,0,0,0,1,0,0,0,0,0,0,0,0
d80b863e-c85e-47f7-bd68-0f6aaa1cca10,0,1,0,1,0,0,0,1,1,0,0,0,0,0,0,0,0,0,0
a390f3e4-7753-4643-aa6a-8e1a4b8e9055,0,0,0,1,0,0,1,0,1,0,0,0,0,1,0,0,0,0,0
53db814e-6171-4301-88d7-041bc9d74fe0,0,1,0,0,0,0,0,0,0,1,0,0,0,0,0,0,0,0,0
4c1ba916-ff91-4210-9905-f7fdac03dd20,0,1,1,1,0,0,0,1,1,0,0,0,1,1,0,0,0,0,0
f76614b2-737f-48fd-bc6f-fa04f0355c72,0,0,0,1,0,0,0,0,0,0,0,0,0,0,0,0,0,0,0
99e80486-41e1-44d3-83a5-6af94f54fce2,1,1,0,0,0,0,0,0,1,0,0,0,0,0,0,0,0,0,0
ad4b79e2-e1aa-4768-8fed-5a1702331a4f,1,1,0,1,0,0,0,0,0,0,0,0,0,0,0,0,0,1,0
300ad7a1-93ed-4aa4-8a87-d7ee7770f836,0,1,0,0,0,0,1,0,0,0,0,0,0,0,0,0,1,0,0
49f61f9e-4261-47b5-b0a6-a81737bd9a3b,0,0,0,1,0,0,0,0,0,0,0,0,0,0,0,0,0,0,0
a0229ad4-d5bf-401a-86dc-01e3bb3dec74,1,0,0,0,0,0,0,0,0,0,1,0,0,0,1,0,1,0,0
814c224d-67fa-4e46-9609-e6e2e0f38f93,0,1,0,0,0,0,0,1,1,0,0,0,0,0,0,0,0,0,0
5a82cb3a-a3be-4294-abbf-8de62703e440,1,1,0,0,0,0,0,0,0,0,1,0,0,0,0,0,0,0,0
05e5ce0f-6523-4166-b0ff-93f8a007e567,1,0,0,0,0,0,0,0,0,0,0,0,0,0,0,0,0,0,0
479db673-65cc-4912-82b2-d564eed96443,0,0,0,0,1,0,0,0,0,0,0,0,0,0,0,0,1,0,0
9b761e33-e0cc-45bd-accd-7ff8dcac8c49,0,1,1,0,0,0,0,1,0,0,0,0,0,0,0,0,0,0,0
e50eef1f-f248-497c-9a5a-286e22692632,1,0,0,0,0,0,0,0,0,0,0,0,0,0,0,0,1,0,0
75f8b057-dec9-4205-9048-9f54905166b8,1,0,1,0,0,0,0,0,0,0,0,0,0,0,0,0,0,0,0
0af0812b-f38e-4582-afdf-df7adb19d5a9,0,0,0,0,0,0,0,0,0,0,0,1,0,1,0,0,0,0,0
40707cd6-20df-4d74-a9bd-4bb314f0a3d8,1,0,0,0,1,0,0,0,0,0,0,0,0,0,0,0,1,0,0
1b59c9b2-6d9e-4b0d-a763-944000b7abd9,1,1,0,0,0,0,0,0,1,0,0,0,0,0,0,0,0,0,0
2de571a0-8ddf-4a1d-ac0a-3b716d7fd9de,1,0,0,0,0,0,1,0,0,0,0,0,0,0,0,0,1,0,0
83159ed2-c966-4402-a3be-4fc900ae9d72,0,0,0,0,1,0,0,0,0,0,0,0,0,0,0,0,0,0,0
b8b2da7a-90e9-4b5d-b810-0c3f996fb497,1,0,0,0,0,0,1,0,0,0,0,0,0,0,1,0,0,0,0
52c42f7a-b292-439c-ad22-58e996635f80,0,0,0,0,0,0,0,0,0,0,0,0,0,1,0,0,0,0,0
bc8f66d6-d604-41d5-b405-8025ab44163f,0,0,0,1,0,0,0,0,0,0,0,0,0,1,0,0,0,0,0
6e736660-c2a8-4874-9032-f5dc26e70e47,0,0,0,0,0,0,0,0,0,0,1,0,0,0,0,0,1,0,0
1c7f1c84-73b0-4f0e-a5aa-79def673b35d,0,1,1,0,0,0,0,0,0,0,0,0,1,0,0,0,0,0,0
3b3e2a12-af68-4ecd-9a6a-fa754425e5d8,0,0,1,0,0,0,0,1,0,0,0,0,0,0,0,0,0,0,0
76aea8ef-2dc5-4356-82ef-8526a5396137,1,0,0,0,1,0,1,0,0,0,0,0,0,0,0,0,0,0,0
811e5b2b-1fbb-4fa5-b84f-c75c8d8bbacd,0,0,1,1,0,0,0,1,1,0,0,0,0,0,0,0,0,0,0
6d1455ac-dd93-4cb5-a24a-7285b0dd37b4,0,0,0,0,0,0,0,0,0,0,1,0,1,0,0,0,1,0,0
e4db6799-114f-4ad3-9ab0-93cfdb58a008,0,0,0,0,0,0,1,0,0,0,0,0,0,1,0,0,0,0,0
bec19894-79f4-4a88-94d1-d7cdc52867e1,0,0,0,0,0,0,1,0,0,0,0,0,0,1,1,0,0,0,0
5d9eb6e7-dcb3-487e-b1e8-273acf856d31,0,1,1,0,0,0,1,1,1,0,0,0,0,0,0,0,0,0,0
f08fc8ca-c1ea-421e-a957-cca556db03e9,1,1,0,0,0,0,0,0,0,0,0,0,0,0,0,0,1,0,0
b647185c-f2b1-4d46-97d8-7fcfe771ae7c,0,0,0,0,0,0,0,0,0,0,1,0,0,0,0,0,1,0,0
2ed66825-ee4d-449e-a4e1-8ea4175da6e4,0,0,0,0,0,0,1,0,0,1,0,0,0,0,0,0,0,0,0
e487ca09-f73a-455e-9546-21894a28be4d,0,0,0,1,0,0,1,0,0,0,0,0,0,1,0,0,0,0,0
9ba785a3-3c9e-4336-b036-24fef722b7b0,0,0,0,0,0,0,1,1,0,0,0,0,0,0,0,0,0,0,0
97a9cca8-b139-4700-a85f-91c5362a77cc,0,0,0,1,0,0,0,1,1,0,0,0,0,0,0,0,0,0,0
35a0bdb8-7e02-4d7d-a190-e0252287f289,0,0,0,0,0,0,1,0,0,0,0,0,0,0,0,0,0,0,0
62eef7b1-f158-4440-8414-d7ca9ccacddb,0,0,0,0,0,0,1,0,0,0,0,0,0,0,0,0,0,0,0
d81c67c3-8651-4f96-bf04-42c00a37b544,0,0,0,0,0,0,1,0,0,0,0,0,0,0,1,0,1,0,0
155356c3-a848-45f5-bea0-6856c0768ad3,0,0,0,0,0,0,1,0,0,0,0,0,0,0,0,0,0,1,0
f30bf0af-15b3-4d2c-8169-f2076c68c3c7,1,1,0,0,0,0,0,0,1,0,0,0,0,0,0,0,0,0,0
eeaca7a2-10af-48c1-af3f-6868ef74bf02,0,0,0,0,0,0,1,0,0,0,0,0,0,0,0,0,0,0,0
4959169b-12ec-4e68-a5a5-d1aa135f780d,0,1,0,1,0,0,1,1,0,0,0,0,0,0,0,0,0,0,0
6d72d0b5-7818-413c-a956-e66827cc9ea4,1,0,0,0,0,0,0,0,0,0,1,0,0,0,1,0,1,0,0
89a86311-898e-43bf-9f15-0de8027d5252,1,1,0,0,0,0,0,0,0,0,0,0,0,0,1,0,0,0,0
c02ce542-d5bd-4c17-96e9-fd42a98cf658,0,0,0,0,0,0,1,0,0,0,0,0,0,0,0,0,0,0,0
bdd378ee-6339-459b-88e0-50d6c6579f47,0,1,1,1,0,0,0,1,0,0,0,0,0,0,0,0,0,0,0
876c6d7a-f2e3-4410-a193-167a9f9aab2c,1,0,0,0,0,0,0,0,0,0,1,0,0,0,0,0,1,0,0
642050f3-5769-4499-a52c-f6fda48400e5,0,0,0,1,0,0,0,0,0,0,0,0,0,0,0,0,0,0,0
b2fb1ff4-4484-4fc9-9fdf-bb7879977bce,1,1,0,0,1,0,0,0,0,0,0,0,0,0,0,0,1,0,0
07be6ecd-f813-403f-bcff-e0935e0c1800,0,0,0,0,0,0,1,0,0,0,0,0,0,0,0,0,0,0,0
46e74e32-dee5-410b-a8c2-0d541c22ee13,0,0,0,0,0,0,0,0,0,0,0,0,0,1,0,0,0,0,0
014abcd5-b2d9-4ffb-b3e9-821f28e547f5,0,0,0,1,0,0,1,0,0,1,0,0,0,0,0,0,0,0,0
e4a65766-d6f4-4bc8-93ba-6526ec9c50df,1,1,1,1,0,0,0,1,0,0,0,0,0,0,0,0,0,0,0
4469b446-81bc-4c8f-9268-0858508d1806,1,0,0,0,0,0,0,0,1,0,0,0,0,0,0,0,1,0,0
bc797d19-eb2a-4a87-a549-59d3abf320a2,1,1,0,0,0,0,0,0,0,0,0,0,0,0,0,0,1,1,0
114d0831-fa1b-4387-9711-e4aca3188fda,0,1,1,0,0,0,0,0,0,0,0,0,0,0,0,0,0,0,0
0b5493de-0fa9-4bdc-a6fa-cfe337c31309,0,0,0,1,0,0,0,0,0,0,0,0,0,1,1,0,0,0,0
e1d74af7-2283-4ed1-9f4a-6b1aea3b7935,0,0,0,0,0,0,1,0,0,0,0,0,0,1,0,0,0,0,0
bf34e5d8-9dcc-42e6-881f-0645946dcda7,1,1,0,0,0,0,0,0,1,0,0,0,0,0,0,0,0,0,0
a57b3b67-6b0c-45ee-b631-95ce91f6e6d2,1,1,0,0,0,0,0,0,0,0,0,0,0,0,1,0,0,0,0
3cc4a9b9-52ae-4886-aec0-4adddd0b386d,0,1,1,1,0,0,0,1,0,0,0,0,0,0,0,0,0,0,0
fd6c6972-c20e-4fbd-8a77-c38b7acef1ff,1,1,0,0,0,0,0,0,0,0,0,0,0,0,0,0,1,0,0
8030c55f-2c91-488a-a6d9-c74ea75e549a,0,1,0,0,0,0,1,0,0,0,0,0,0,0,0,0,0,0,0
3e546b44-d330-41e2-b552-3b87fe2a4c8b,0,0,0,0,0,0,0,0,0,0,1,0,0,0,0,0,1,0,0
86a7bc0a-329f-45a8-9d03-771cf885eee5,1,0,0,0,0,0,1,0,0,1,0,0,0,0,0,0,0,0,0
60eb2bb2-4030-4b6d-9519-a60fe1eda88b,0,1,0,0,0,0,0,0,1,0,0,0,0,0,0,0,0,1,0
c077171d-c732-436e-83f3-3b241800dd36,0,0,0,0,0,0,0,0,0,0,1,0,0,0,0,0,1,0,0
1823af22-e112-4292-9a4e-7d29b7381cbc,1,1,0,0,0,0,0,0,0,0,0,0,0,0,1,0,0,0,0
aedcd02c-ac45-4a1b-8143-fc92146af2ab,0,0,0,0,0,0,1,0,0,1,0,0,0,0,0,0,0,0,0
97f2066f-9208-4e79-9ea3-ec9860071ee7,0,0,1,0,0,0,1,0,0,0,0,0,0,1,0,0,0,0,0
c11ee3c4-c189-43dd-9135-d9df5253489c,1,0,0,0,1,0,1,0,0,0,0,0,0,0,0,0,1,0,0
4464bb4e-8e6d-4dea-94fb-abed08cc48f8,0,0,0,0,0,0,1,0,0,1,0,0,0,0,0,0,0,0,0
8b2b1b8d-dfbf-413b-a30e-32b28b7e254a,0,0,0,0,0,0,1,0,0,0,0,0,0,0,0,0,0,0,0
ac37913d-682e-429b-b6e5-96dec65bccaa,0,0,1,0,0,0,0,1,1,0,0,0,0,0,0,0,0,0,0
3bc77284-b8fe-422c-8776-24270efb7c9c,0,0,0,1,0,0,0,0,0,0,0,0,0,0,0,0,0,0,0
e92dd36f-c90f-4dde-9395-eeeb632ad4bf,0,1,1,1,0,0,0,1,1,0,0,0,0,0,0,0,0,0,0
a8e74817-2cef-460b-b7a4-590ac71dcd6b,0,0,0,1,0,0,0,0,0,0,0,0,0,0,0,0,0,0,0
c4c2e990-da04-4672-a9f0-2551ed9930f5,0,1,0,0,0,0,0,1,0,0,0,0,0,0,0,0,0,0,0
aed96e6b-8e5b-46bc-b20c-97f971869541,0,0,0,1,0,0,0,0,0,0,0,0,0,1,0,0,0,0,0
9fc94651-2915-4a56-8428-6d647c88f975,0,1,0,0,0,0,1,0,0,0,0,0,0,0,0,0,0,0,1
620486cc-c6d2-46d6-bf12-aec638ad2712,1,1,0,0,0,0,0,0,1,0,0,0,0,0,0,0,0,0,0
b3e0c67d-a3d6-40f4-bd80-93b45e1a2e1c,0,0,0,0,0,0,1,0,0,0,0,0,0,1,0,0,0,0,0
ce31f735-6104-4c49-99a0-98cf34f94442,0,0,1,0,0,0,0,1,1,0,0,0,0,1,0,0,0,0,0
db9fcb69-4894-4560-862c-0806e12aeaa7,0,0,0,1,0,0,0,0,0,0,0,0,0,0,0,0,0,0,0
9812916f-87d5-4c89-85cc-11d54379c0e5,1,1,0,0,0,0,0,0,0,0,0,0,0,0,0,0,0,0,1
02ad4fba-d65b-4c1b-a6e3-5f92b6d06cc3,0,0,0,0,0,0,1,0,0,0,0,0,0,0,1,0,0,0,0
a1df1af8-a184-434d-b79a-2ac30b046f72,1,1,0,0,0,0,1,0,0,0,0,0,0,0,1,0,0,0,0
ee06177a-679e-4991-a7ef-81b35fb019d4,0,1,0,1,0,0,1,0,0,0,0,0,0,0,0,0,0,0,0
b0b65a8d-5d2a-46a2-8acd-4fb8451d4258,0,0,0,0,0,0,1,0,0,0,0,0,0,0,0,0,0,0,0
4ac85068-c6ca-4d02-b786-cdf84907ebb2,0,0,0,0,1,0,1,0,0,0,0,0,0,0,0,0,1,0,0
30ad63a9-ec57-4cf3-902a-f2be21e96ae0,1,0,0,0,0,0,0,0,0,0,1,0,0,0,0,0,0,0,0
f4938eba-8a78-44e5-8aa3-f385b4bdbf77,0,0,0,0,0,0,1,0,1,0,0,0,1,0,0,0,0,0,0
6a27fa56-4a59-4f73-971d-8150bca87215,1,1,0,0,0,0,0,0,0,0,0,0,0,0,1,0,1,0,0
9e1a227b-2618-4a1b-acac-0f00ee18a9fb,1,1,0,0,0,0,0,0,0,0,0,0,0,0,0,0,1,0,0
fd747bd7-0f5a-4553-ad86-aaf4e89a531f,1,1,0,0,0,0,0,0,0,0,0,0,0,0,1,0,0,0,0
6422ede2-0493-4b28-8f81-24e1cd1e5003,0,0,0,0,0,0,0,0,0,0,0,0,0,0,1,0,1,0,0
fb3e384b-7484-4c06-a623-2b6e576a46bd,0,0,0,0,0,0,1,0,0,0,0,1,0,0,0,0,0,0,0
408f43b1-e63f-45a6-8210-29d993d7298e,1,0,0,1,1,0,0,0,0,0,0,0,0,0,0,0,0,0,0
1e26369a-0111-4855-8bf5-8fbdefe128be,0,0,0,0,0,0,0,0,0,0,0,0,0,0,0,0,0,0,1
394f54aa-4d11-493a-a017-b3d0c3b3f6cf,0,0,0,1,0,0,0,0,0,0,0,0,0,0,0,0,0,0,0
d62c2186-04af-4d19-b151-127052046a30,1,0,0,1,0,0,0,0,0,0,0,0,0,0,0,0,0,0,0
232397c1-3855-44d3-bca3-0c5d97546a2c,0,0,0,0,0,0,1,0,0,0,1,0,0,0,1,0,1,0,0
4fbf91e4-82fe-4a4b-b6a3-6548989a547a,0,0,0,1,1,0,1,0,0,0,0,0,1,1,0,0,0,0,0
9139843c-2ab5-4f4e-a565-0b05623884c8,0,0,0,0,1,0,1,0,0,0,0,1,0,1,0,0,1,0,0
58ca719d-6cb3-4041-be69-f073a0d4ea49,0,1,0,0,0,0,1,0,1,0,0,0,0,1,0,0,0,0,0
2b510fd3-00e0-40d1-b42f-2674c8830ef2,1,0,0,0,0,0,0,0,0,0,0,0,0,0,0,0,0,0,0
9fc096bc-eeb9-44b1-bd94-fdec73292baf,1,0,0,0,0,0,0,0,0,0,0,0,0,0,0,0,1,0,0
a5e36141-4b07-4ee2-a355-1529d75aaa9a,0,0,0,0,0,0,1,0,0,1,0,0,0,0,0,0,0,0,0
1c09dad5-d836-4ff8-a076-e6cf5df0b303,1,1,0,1,0,0,0,0,1,0,0,0,0,0,0,0,0,0,0
31ad9a00-755b-41bb-9d8a-737a59675012,1,1,0,1,0,0,0,1,0,0,0,0,0,0,0,0,0,0,0
8fc9432b-ebfc-4097-b1b8-55a013dd101f,0,0,0,1,0,0,0,1,0,0,0,0,0,1,0,0,0,0,0
fe1d3572-fb76-483e-a14d-76cc7b7159cb,1,0,0,0,0,0,1,0,1,0,1,0,0,0,0,0,0,0,0
bc35f596-745a-4cec-a93b-60d8ff20ed0a,0,1,1,0,0,0,0,1,1,0,0,0,0,0,0,0,0,0,0
e233d4a7-47d4-4055-b681-dc93c3f65594,1,1,0,0,0,0,0,0,1,0,0,0,0,0,0,0,0,0,0
745b94b1-442d-4fe9-ba9d-d0bc7874de3d,0,0,0,1,0,0,0,0,1,0,0,0,0,1,0,0,0,0,0
d01e26f2-7d44-4875-a2b8-a3cd5c55860e,1,0,0,0,0,0,0,0,0,0,0,0,0,0,1,0,0,0,0
f1d40f50-4dfe-4e07-a080-dfb437f3a09d,1,1,0,0,0,0,0,0,1,0,0,0,0,0,0,0,0,0,0
335f8817-bbb8-46cf-a374-4a92201b70e4,0,0,0,1,0,0,0,1,0,0,0,0,0,0,0,0,0,0,0
4bb5f29f-e211-41fe-b969-8ff9b1bee72e,0,0,0,0,0,0,1,0,0,1,0,0,0,0,0,0,0,1,0
78d0a3c5-c4e7-4dae-87d0-c1e699814af0,0,0,0,0,1,0,1,0,0,0,0,0,1,0,0,0,0,0,0
bf92e9ae-7759-41df-9a1e-40199d66eabd,0,1,1,0,0,0,1,1,0,0,0,0,0,0,0,0,0,0,0
b97aced7-f532-48a7-8815-8841f56e984b,0,0,0,1,0,0,1,0,0,0,0,0,0,1,0,0,0,0,0
8e3268ab-aed7-461b-b593-66352eb81b92,0,0,0,1,0,0,0,0,0,0,0,0,0,1,0,0,0,0,0
16b8cf29-b538-4a96-bb09-bc98476e0169,1,1,0,0,0,0,0,0,0,0,0,0,0,0,1,0,0,0,0
08a26a2a-2a13-4281-aa5d-f3ef530a9bf0,0,1,0,0,0,0,0,0,1,0,0,0,0,0,1,0,0,0,0
227dbf78-77da-4b4d-93b4-e4863749643a,0,0,0,0,0,0,1,0,0,0,0,0,0,1,0,0,0,0,0
17378886-99d7-4f1a-8430-ffce7b3c34c0,0,0,0,0,0,0,0,0,0,0,1,0,0,0,0,0,0,0,0
92bbc3de-420c-4d9a-b1d7-99b9e3b2e89d,0,0,0,0,0,0,1,1,1,0,0,0,0,0,0,0,0,0,0
94c38dca-5cb6-4e7c-8164-2df65cc4b60e,0,1,0,0,0,0,0,1,1,0,0,0,0,0,0,0,0,0,0
9bc9dadc-ac82-4de6-a3a4-0de24fbf58cb,0,0,0,0,0,0,1,0,0,0,0,0,1,0,0,0,1,0,0
48f23426-f69b-4805-ad9d-450ef70ea97a,0,0,0,1,0,0,1,0,0,0,0,0,0,0,0,0,1,0,0
a7aa1f92-4b88-4206-8177-54b026f3de22,1,0,0,0,1,0,1,0,0,0,0,0,0,0,0,0,1,0,0
69259373-5c0d-4bee-afe4-091128e31153,1,0,0,0,1,0,0,0,0,0,0,0,0,0,0,0,0,0,0
f4845e1a-a03d-40d6-a59e-c7925baaa9bc,0,1,0,1,0,0,0,1,1,0,1,0,0,0,0,0,0,0,0
9ba6ebde-33b3-4644-a19a-7042dbbce9cd,0,0,0,0,0,0,0,0,0,0,0,0,0,1,0,0,0,0,0
e8337b45-d55c-4c90-8a6a-4b73b28eca2a,1,1,0,1,0,0,0,0,0,0,0,0,0,0,1,0,0,0,0
dbdace13-96a8-494d-9827-d334aad91c73,0,0,0,0,0,0,1,0,0,0,1,0,0,0,0,0,1,0,0
77b3377c-a982-492e-95d9-cb86f8729582,0,0,0,0,0,0,1,0,0,0,0,0,0,1,0,0,1,0,0
8c460407-2946-4635-b2c5-1639fa863c22,0,1,0,0,0,0,1,0,1,0,0,0,0,1,0,0,0,0,0
01d04eb3-7a32-4877-abcf-13c7f13d5982,1,1,0,0,0,0,0,0,0,0,0,0,0,0,0,0,0,0,0
bbe4b623-e88a-4aed-be69-675b5825e076,0,0,0,1,0,0,0,0,0,0,0,0,0,0,0,0,0,0,0
55e5ae2d-6ec0-4fbe-a729-bbe9b774b80d,0,0,0,0,0,0,1,0,0,0,0,0,0,1,1,0,0,0,0
6312df2a-c2f0-4021-b21b-3a8f4dacda9d,0,1,0,0,0,0,1,0,1,0,0,0,0,0,0,0,0,0,0
fa560080-65d1-4bdb-97ff-f83da3fae286,0,0,0,0,0,1,0,0,0,0,0,1,0,0,0,0,0,0,0
815cc72f-2cd5-4692-916e-f6e3eef729c6,1,1,0,0,0,0,0,0,0,0,0,0,0,0,0,0,1,0,0
9439b351-b558-498f-81bc-d74bfb9d039d,1,0,0,0,1,0,1,0,0,0,0,0,0,0,0,0,1,0,0
31db6ece-3918-487e-b0ac-e96d2ce1182f,0,1,0,0,0,0,0,0,0,0,0,0,0,0,1,0,0,0,0
2ea2417c-0f27-46c5-a53d-7ea4a66176bd,0,0,0,1,0,0,0,1,1,0,0,1,0,0,0,0,0,0,0
51632468-4d1d-4a77-b62c-440449b89615,0,0,0,0,0,0,1,0,0,0,0,0,0,0,0,0,0,0,0
5f89aea6-5e97-438f-80ed-a52654a24001,0,1,0,0,0,0,1,0,0,0,0,0,0,0,1,0,0,0,0
c09853bf-886d-41ac-98dd-a6702d8ea284,1,1,0,0,0,0,0,0,1,0,0,0,0,0,1,0,0,0,0
25e49e54-2fb0-4674-b1ee-b57b4a0ef75e,1,0,0,0,0,0,0,0,0,0,0,0,0,0,0,0,1,0,0
1572895d-304a-4e44-8d95-b8780623e767,0,0,0,0,1,0,1,1,0,0,0,0,0,0,0,0,0,0,0
835bc919-fcd4-41ba-b5d4-634c1f19dcbd,1,0,0,0,1,0,0,0,0,0,0,0,0,0,0,0,1,0,0
7f62e97b-3dca-474b-8ca9-fa5789673527,0,0,0,0,0,0,0,0,0,0,0,0,0,0,1,0,0,0,0
9d76e854-5a53-40a9-94ef-5a3fb4907d2e,0,0,0,0,0,0,0,0,0,0,1,0,0,0,1,0,0,0,0
21e1b0e4-f3f6-4e52-bd55-75f66995b84d,0,0,0,0,0,0,1,0,0,0,1,0,0,0,0,0,0,0,0
63cd9400-f5bb-4c1b-b289-83e68e90a315,1,1,0,0,0,0,0,0,1,0,0,0,0,0,0,0,0,0,0
e2ba9857-a374-4f93-a66a-2870c670ce51,0,0,0,0,0,0,0,0,0,0,1,0,1,0,0,0,0,0,0
c9b22ed2-b409-49ac-a162-efc205c5ccd9,1,0,0,0,0,0,0,0,0,0,0,0,0,0,0,0,1,0,0
a3b8e38a-a427-46f3-9a0d-8a222bedaee8,1,1,0,1,0,0,0,0,1,0,0,0,0,0,1,0,0,0,0
eeef2b65-4517-4d30-b244-b67089e54760,1,1,0,0,0,0,0,0,0,0,0,0,0,0,1,0,0,0,0
9b61e3c4-88c7-44ee-9a0a-313401ca8e8a,0,0,0,1,0,0,1,0,0,0,0,0,0,0,0,0,0,0,1
2065ede4-7324-47d4-a753-be1ea5b421cd,0,1,1,1,0,0,0,1,0,0,0,0,0,0,0,0,0,0,0
45a2e140-b204-455f-b07a-c80a5417d673,0,1,1,1,0,0,0,1,1,0,0,0,0,0,0,0,0,0,0
aae7da67-4639-404d-bc41-fe096451ec4e,1,1,0,0,1,0,0,0,0,0,0,0,1,0,0,0,0,0,0
02c6f459-eb49-4c3f-8c91-062a89b8af3e,1,0,0,0,0,0,0,0,0,0,0,0,0,0,0,0,1,0,0
540d4fe9-b4b1-4d68-95e8-8be83df8323e,0,0,0,1,0,0,0,0,0,0,0,0,0,1,0,0,0,0,0
27947b0c-6cab-4091-aba3-6c6f3eba4aa4,1,0,0,0,0,0,0,0,0,1,0,0,0,0,0,0,0,0,0
58c6f7fb-9ef1-4c91-a0d0-b50712533695,0,0,0,0,0,0,1,0,0,0,0,0,0,0,0,0,0,0,0
982a995a-b5b7-41b0-8c7e-f466c1000a96,0,0,0,0,0,0,0,0,0,0,1,0,0,0,0,0,1,0,0
acc5f4be-81d1-4118-bdb8-ebd70fc8d0f4,1,0,0,0,0,0,0,0,0,0,0,0,0,0,0,0,1,0,0
b1697fba-7928-46ba-a61f-148dd5b9b834,0,0,0,0,0,0,1,0,0,0,0,0,0,0,0,0,0,0,0
2127f930-30f3-49ac-9b07-9b9b812f4624,0,1,0,1,0,0,0,1,1,0,0,0,0,0,0,0,0,0,0
03fc81e9-a8cd-4336-a658-4dbf33ddb247,0,0,0,0,0,0,1,0,0,1,0,0,0,0,0,0,0,0,0
e2c13c10-9827-4f90-8a0f-9d5a7fc89477,0,0,0,1,0,0,0,0,1,0,0,0,0,0,0,0,0,0,0
b1639f4e-e5f8-41a0-9d34-baee0c2e0886,1,0,0,0,0,0,1,0,0,0,0,0,0,0,0,0,1,1,0
93fceacc-6b0c-4937-8840-f639c9d8d55b,1,1,0,0,0,0,0,0,0,0,1,0,0,0,1,0,0,0,0
c85190b1-16d1-40ff-8440-ea77f46b1f0c,0,0,0,1,0,0,1,0,0,0,0,0,0,1,0,0,0,0,0
d5acbcfa-d0a3-4c73-bc54-0f8f3808513f,1,0,0,0,0,0,1,0,0,0,0,0,0,0,0,0,1,0,0
629f53aa-af81-44d0-9d90-e963bd0a8cde,1,0,0,1,1,0,0,0,1,0,0,0,0,0,0,0,0,0,0
9686d78a-a289-485d-80d3-c8864e597cc0,0,0,1,1,0,0,0,1,0,0,0,0,0,0,0,0,0,0,0
92dcc86b-8621-4ce1-8810-ada152bc11af,1,1,1,1,0,0,0,0,0,0,0,0,0,0,1,0,0,0,0
0b59a4eb-4e2b-495f-a066-2b4d9bb67ef3,1,1,0,0,0,0,0,0,0,0,0,0,0,0,1,0,0,0,0
e3c2f1b7-e161-4f58-a511-101cef85873d,0,0,0,1,0,0,0,0,0,0,0,0,0,1,0,0,0,0,0
edeb935e-c50f-49ff-ac5f-f4f7bd532bb3,1,1,0,0,0,0,0,0,1,0,0,0,0,0,1,0,0,0,0
2b2fa6e1-2ad1-4530-bdc0-750bff00f063,1,1,0,0,0,0,0,0,0,0,0,0,0,0,1,0,0,0,0
8a2ebc88-62b5-480b-aded-781b651b21d7,0,0,0,0,0,0,0,0,0,0,1,0,0,0,0,0,1,0,0
8285dd3d-f43a-4438-883c-72b431a81f48,0,0,0,0,1,0,0,0,0,0,0,0,1,0,0,0,1,0,0
9614ba0f-5b45-4770-bb88-bad5372b64b2,0,1,1,1,0,0,0,1,0,0,0,0,0,0,0,0,0,0,0
7ad4b261-0641-479a-9e28-c9c1dba9b3b3,0,0,0,0,0,0,0,0,0,0,1,0,0,0,0,0,1,0,0
11ca0bd0-174d-449b-ba4e-826561b26c13,1,1,0,0,0,0,0,0,0,0,0,0,0,0,1,0,0,0,0
03af1205-2adf-440f-9462-7faa884bde8b,0,0,0,0,1,0,0,0,0,0,0,0,0,0,0,0,1,0,0
6f03c2ab-a45b-4f50-bb3d-a1dfe47d8b4c,0,0,0,0,0,0,1,0,0,0,0,0,0,1,1,0,0,0,0
8b7f7130-e774-450b-bfe6-6ef8027e1f27,1,0,0,0,0,0,0,0,0,0,0,0,0,0,0,0,1,0,0
3f7de09b-61a2-4364-9941-f8c97a88b76b,1,1,0,0,0,0,0,0,1,0,0,0,0,0,1,0,0,0,0
4ddfeb01-1991-4334-8684-d58b6a21de49,1,1,1,1,0,0,0,1,1,0,0,0,0,0,0,0,0,0,0
3391361e-f41f-4f5a-a370-1952c762ef58,0,1,0,1,1,0,0,0,0,0,0,0,1,0,0,0,0,0,0
3dbde698-9497-41da-be64-5822aec061eb,0,0,0,1,1,0,0,0,0,0,0,0,0,0,0,0,0,0,0
6286a3f2-10d7-4af1-b497-93a8cb6c785d,0,0,0,1,0,0,0,0,0,0,0,1,0,0,0,0,0,0,0
bbd417c1-f4c9-49ab-a3b6-0b8dcc27e44d,0,1,1,1,0,0,0,0,1,0,0,0,0,0,0,0,0,0,0
a5f94888-b1cc-4f2d-98f0-1e0909524a64,0,0,0,1,0,0,1,0,0,0,0,0,0,0,0,0,0,0,0
75245a63-539c-4408-a7e6-7d36180bea2d,1,1,0,0,0,0,0,0,1,0,0,0,0,0,0,0,0,0,0
d1d502e4-6708-45cf-a73d-0622c740b28c,1,1,0,0,0,0,0,0,0,0,0,0,0,0,0,0,1,0,0
777a5c35-182c-4042-8c98-1e08daf1a4e7,1,0,0,0,1,0,1,0,0,0,0,0,0,0,0,0,0,0,0
df1e35c9-b9e5-4d54-892b-f40c6cb736ab,0,0,0,1,0,0,0,1,0,0,0,0,0,0,0,0,0,0,0
a5d81f30-040d-4376-adb4-4db49af97e4a,1,0,1,1,0,0,1,0,0,0,0,0,1,0,0,0,0,0,0
cfbfb138-40ea-4897-b214-7e0379b42a25,1,1,1,0,0,0,0,1,0,0,0,0,0,0,0,0,0,0,0
82d67e7a-c0c1-4cbc-a621-985f56e19c0d,1,1,0,0,0,0,0,0,1,0,0,0,0,0,0,0,0,0,0
d47cd594-a585-46c4-9c58-a2e3038fbe2f,0,0,0,0,0,0,1,0,0,0,0,0,0,0,0,0,0,0,0
a2d13cc1-323a-4b6c-9d5d-c563e034c02c,0,1,0,0,0,0,0,0,0,0,0,0,1,0,1,0,0,0,0
8b162127-f919-4297-aec6-0c937bdf210a,1,0,0,0,0,0,1,0,0,0,0,0,0,0,0,0,0,1,0
be1343cc-73d1-4235-b422-320bf7ef9d53,0,1,0,0,0,0,1,0,1,0,0,0,0,1,0,0,0,0,0
a4e244ac-266d-47fe-b57f-6058bbf0bbc8,1,0,0,0,0,0,0,0,0,0,1,0,0,0,0,0,0,0,0
a71be011-378c-492b-8deb-efd12da4a919,0,0,0,0,0,0,1,0,0,0,0,0,0,0,1,0,1,0,0
08c6403f-46a9-461c-b573-2bd47f66e51b,1,1,0,0,0,0,0,0,0,0,0,0,1,0,0,0,1,0,0
ab079f50-60f2-42c1-bc82-50815aeaad22,1,0,0,0,1,0,1,0,0,0,0,0,0,0,0,0,1,0,0
afbdf410-3251-43e5-b7a1-b2ecceedf806,1,1,0,0,0,0,0,0,1,0,0,0,0,0,0,0,0,0,0
1c9204ae-d9dc-44c4-9614-52838d9b4c43,1,0,0,1,0,0,0,0,0,0,0,0,0,0,1,0,0,0,0
e112ac9e-bc50-4489-8201-e558f5bc29e4,0,0,1,1,0,0,0,1,0,0,0,0,0,0,0,0,0,0,0
2e88fc3a-d1d3-4f91-b632-db94158ccfe2,1,1,0,0,0,0,0,0,1,0,0,0,0,0,1,0,0,0,0
74afe558-be5c-404f-95b7-fc027f3cb7c2,1,0,1,0,0,0,0,0,0,0,0,0,0,0,0,0,0,0,0
066fdeea-54e2-42e3-b1df-3635ab406f21,0,0,0,0,0,0,0,0,0,0,1,0,0,0,0,0,1,0,0
99622708-4476-4269-b886-532dee011bbb,1,0,0,1,0,0,0,0,0,0,0,0,0,0,0,0,1,0,0
a2d12c71-f725-48be-85c5-56a8f26da627,1,1,0,0,0,0,1,0,0,0,0,0,0,0,0,0,0,0,0
2d6b319f-aa67-45b9-b391-0381a169076e,0,0,0,0,0,0,1,0,0,0,0,0,0,0,0,0,0,0,0
4dc34011-7c1b-4b87-b5f3-19bd278b5c1d,0,0,0,0,0,0,1,0,0,0,0,0,0,0,0,0,0,0,0
e226cda8-2a98-4878-a079-8c90f308fd16,0,1,1,1,0,0,0,1,1,0,0,0,0,0,0,0,0,0,0
5e277a02-6cc3-42eb-a780-f6f693530b47,1,1,0,0,0,0,0,0,0,0,0,0,0,0,1,0,0,0,0
9c14d9eb-5b2a-4dfe-b109-ee03df36e6f4,0,0,0,0,1,0,1,0,0,0,0,0,1,0,0,0,1,0,0
6bd4f23f-0b96-4897-b264-c3b4050bb098,1,1,0,0,0,0,0,0,0,0,0,0,0,0,1,0,0,0,0
a12f05af-0ce8-484e-b939-009aa5f8be95,0,1,1,1,0,0,0,1,1,0,0,1,0,0,0,0,0,0,0
2f6b7ae8-7853-415c-ae4e-ac988f919ed0,0,0,1,1,0,0,0,1,0,0,0,0,0,0,0,0,0,0,0
8f43bc3a-c074-418b-82d3-525b30334135,0,1,1,0,0,0,0,0,1,0,0,0,0,0,0,0,0,0,0
f419872c-494c-47dd-ac6d-f0f02326b230,1,1,0,0,0,0,0,0,0,0,0,0,1,0,0,0,1,0,0
66ad54f1-e1af-4468-a7ce-4ef74e117a7f,1,1,0,0,0,0,1,0,0,0,0,0,0,0,0,0,1,0,0
486ddaeb-840e-4f7d-a285-c4b0d1f80e46,0,0,0,0,1,0,0,0,0,0,0,0,0,0,0,0,1,0,0
6d7c0da2-0302-4da1-86d3-36384c0c5a17,0,0,0,0,0,0,0,0,1,0,1,0,1,0,0,0,1,0,0
266a5416-74cf-4c27-86d2-0241f7dcde4a,0,0,0,1,0,0,0,0,0,0,1,0,0,0,0,0,1,0,0
fa251c17-2e16-4b69-83ae-c8df9ca6cb3e,1,1,0,0,0,0,0,1,1,0,0,0,0,0,0,0,0,0,0
73b0da08-6c16-438c-827e-acdc7b82f3ca,0,0,0,0,0,0,1,0,0,0,0,0,0,0,0,0,0,0,0
935d35eb-472f-4960-bec0-2beb55e71d6c,1,0,0,1,0,0,0,0,0,0,0,0,0,0,0,0,0,0,0
40b86b9b-034f-4fd4-83a3-df3684bf1e1c,0,0,0,1,0,0,0,1,0,0,0,1,0,1,0,0,0,0,0
05f21f68-a806-4310-9e3e-2488a8928af4,0,0,0,0,1,0,1,0,0,0,0,0,0,0,0,0,1,0,0
43d9d359-e9cd-49c3-83c9-55de174bc125,1,1,0,1,0,0,0,0,0,0,0,0,0,0,1,0,0,0,0
198beb72-50ff-4826-b298-4d10cfb6f2bd,0,0,1,1,0,0,0,1,0,0,0,0,0,0,0,0,0,0,0
baa211a3-d2e3-48bc-b264-1939e926ce62,0,0,0,0,0,0,1,0,0,0,0,0,0,1,0,0,0,0,0
7e46d124-f2d4-4c99-a9c1-dea6694a2b18,1,1,0,0,0,0,0,0,0,0,0,0,0,0,1,0,0,0,0
9c718e5a-3bc8-45db-aaef-345ecafb17ca,1,1,0,0,0,0,0,0,0,0,0,0,0,0,1,0,0,0,0
196c8ed8-4eae-4a7b-a224-40c75bec3935,0,0,1,1,0,0,1,1,0,0,0,1,0,0,0,0,0,0,0
f6fc73da-6d51-4d6a-be7b-323c6606a776,1,1,0,0,0,0,0,0,0,0,0,0,0,0,0,0,1,0,0
40f8f0a2-6724-4cd2-8a54-249f82897c04,1,0,0,0,1,0,1,0,0,0,0,0,0,0,0,0,1,0,0
acf26fed-1c9e-4bbd-a737-74040967d8f1,1,1,0,0,0,0,0,0,0,0,0,0,0,0,1,0,0,0,0
d0c9fe92-0a72-4e8b-af34-c7c0734baeea,0,0,0,0,0,0,1,1,0,0,0,1,0,0,0,0,0,0,0
6078d11b-cd81-4719-bc8f-969867cb9023,0,0,0,0,0,0,0,0,1,0,0,0,1,0,1,0,0,0,0
7c09bbaa-d254-4203-b02e-518ca5d505ae,1,1,0,0,0,0,0,0,0,0,0,0,0,0,1,0,1,0,0
dc305a66-e5a1-46b9-b6d8-fcf0d748028e,1,0,0,0,0,0,0,0,0,0,0,0,0,0,1,0,1,0,0
41525e7b-5d4b-4c57-b1fe-bb49346856c1,0,1,0,0,0,0,0,1,1,0,0,0,0,0,0,0,0,0,0
fc9a1024-790b-406d-b3da-0d145dd9c12e,0,0,0,0,1,0,1,0,0,0,0,0,0,0,0,0,0,0,0
09bf539c-2475-4a00-9b58-433f9285ded1,0,0,0,0,1,0,1,0,0,0,0,0,1,0,0,0,1,0,0
b09400e5-1c1c-4171-af84-3e16bed87c26,1,0,0,0,0,0,0,0,0,0,0,0,0,0,1,0,1,0,0
9301aa73-2c5c-4a5a-95a3-2617266cdfa7,1,1,0,0,0,0,0,0,1,0,0,0,0,0,0,0,0,0,0
8dab7175-66ef-4593-b109-4bb869ee23ee,0,1,0,1,0,0,0,0,0,0,0,0,0,0,1,0,0,0,0
99b65952-c381-49dc-9a52-ce0a4f911b83,1,1,0,0,0,0,0,0,0,0,0,0,0,0,0,0,1,0,0
5a45eb89-13a0-4bdd-9a55-b227179acff7,0,0,0,1,0,0,0,0,0,0,0,1,0,0,0,0,0,0,0
3832f752-60e9-4b39-9714-af38d7153a3d,0,0,0,0,0,0,1,0,0,0,0,0,0,0,0,0,0,0,1
552808d6-722a-4a6a-a871-dbb6ffe8632e,0,0,0,1,0,0,0,0,0,0,0,0,0,1,0,0,0,0,0
da2d6953-273d-4d6c-b1e0-d62d88686b7d,1,0,0,0,1,0,0,0,0,0,0,0,0,0,0,0,1,0,0
815cd955-cfcf-42ac-8f61-1743e3eda58e,0,0,0,0,0,0,0,0,0,0,1,0,1,0,0,0,1,0,0
fc0dd2f8-60ee-49df-9348-5170156004b2,1,0,0,0,0,0,0,0,0,0,0,0,0,0,1,0,0,0,0
348c529a-437a-42e8-8df6-0644271865ba,0,0,0,0,0,0,1,0,1,0,0,0,0,1,1,0,0,0,0
c2e86c54-be7d-4375-bdf7-4c068534570e,1,1,0,0,0,0,0,0,1,0,0,0,0,0,0,0,0,0,0
34d79c12-1760-479a-b174-42c17284cb9d,0,0,0,0,0,0,1,0,0,0,0,0,0,1,0,0,0,0,0
52a0ef0a-3a26-4163-8d0f-2b525beecb52,0,1,1,0,0,0,0,1,0,0,0,0,0,0,0,0,0,0,0
962c26a2-dca4-4b7a-a319-2bca3cb7393d,0,1,0,0,0,0,0,0,0,0,0,0,0,1,0,0,1,0,0
560c98aa-3e2b-49bb-b227-950ffbb1cadd,0,0,0,0,0,0,0,0,0,0,0,0,0,0,1,0,1,0,0
2b0916ee-fc29-41aa-a929-572ff1b53641,0,0,0,1,1,0,0,0,0,0,0,0,0,0,0,0,0,0,0
6671fb42-c642-4ff7-9cc6-739395d3bc85,0,1,0,0,0,0,1,0,0,0,0,0,0,0,0,0,0,0,0
ebc39a7e-e9ac-465a-a153-26d275f1bc82,1,0,0,0,0,0,0,0,0,0,0,0,1,0,0,0,1,0,0
48b989d6-cf86-4e3b-8c08-bcfc15cccb4c,1,1,0,1,0,0,0,0,1,0,0,0,0,0,1,0,0,0,0
634bc770-c8a4-4728-b575-aff5186b7095,0,0,0,0,0,0,1,0,0,0,0,0,1,0,0,0,0,0,0
912765ef-b5c2-4a7b-b062-3470614e4082,0,1,0,0,0,0,0,1,1,0,0,0,0,0,1,0,0,0,0
0be0aecb-a8d0-46fa-9539-678393680e07,0,0,0,0,0,0,1,0,0,0,0,0,0,0,0,0,1,0,0
2a68a6f4-3e42-4ec1-89d0-cea1a084fb9f,0,0,0,0,0,0,1,0,0,0,0,0,0,1,0,0,0,0,0
e162fa4c-70e4-4009-83f1-d508c30cc60f,0,1,0,0,0,0,1,0,0,0,0,0,0,0,0,0,0,0,0
dfc84328-7736-4cb7-8c4a-e04abb879507,0,0,0,0,0,0,1,0,0,1,0,0,0,0,0,0,1,0,0
93ef446b-fab2-43e3-b2b9-a7e7998868c7,0,1,1,1,0,0,0,1,0,0,0,0,0,0,0,0,0,0,0
e38b9702-f9a0-4177-8ff8-40c03950cf1f,0,0,1,1,0,0,0,1,0,0,0,0,0,0,0,0,0,0,0
43b405c7-c7c2-424f-a506-294a706a031c,1,0,0,0,0,0,0,0,0,0,0,0,0,0,1,0,0,0,0
0393f88a-9b74-499a-b666-dbe0b67b255e,0,1,0,0,0,0,0,1,1,0,0,0,0,0,0,0,0,0,0
8fb6f190-f226-4b28-8799-f1c6d30303f8,0,0,0,0,0,0,1,0,0,0,0,0,0,0,0,0,0,0,0
0b1aad56-4693-4454-b13d-0c8bf03247ee,1,0,0,0,0,0,0,0,0,0,0,0,0,0,0,0,0,0,0
bb44afe6-1f8b-45c5-b6af-7c02d17462dc,1,1,0,0,0,0,0,0,0,0,0,0,0,0,0,0,1,1,0
3253f87f-beab-49cc-89c2-bc1d9cc1907a,0,0,0,0,1,0,0,0,0,0,1,0,1,0,0,0,0,0,0
8c664247-1056-46b9-a180-8d66afd745e9,0,0,0,1,1,0,1,0,0,0,0,0,0,1,0,0,0,0,0
2c01255c-51dc-4c3a-9ed5-9db3b0e2adae,1,0,0,0,1,0,1,0,0,0,0,0,0,0,0,0,0,0,0
3a15f36a-d0a5-494b-b4aa-e23082fb8b1a,1,1,0,0,0,0,0,0,1,0,0,0,0,0,0,0,0,0,0
93959096-7382-4473-93f8-3c9b21da5d0f,1,0,0,0,1,0,0,0,0,0,0,0,0,0,0,0,1,0,0
90b1ec34-4b3b-4038-8ec8-086efe1c3188,0,0,0,0,0,0,0,0,1,0,1,0,0,0,0,0,0,0,0
ba888d7f-ae96-4f05-aa9d-f3a3bd49c60a,0,0,0,0,0,0,1,0,0,0,0,0,0,0,0,0,0,1,0
e84f0df3-a4f4-4f5f-828a-30b74bcc72e2,0,0,0,0,0,0,0,0,0,0,1,0,0,0,1,0,1,0,0
8749928a-dc04-4024-9953-18333c72f4e2,1,1,0,0,0,0,0,0,0,0,0,0,0,0,0,0,1,0,0
013e4e5f-1a1e-4d0c-ad7f-0b120c7653d8,0,0,0,1,0,0,0,0,0,0,0,0,0,0,0,0,0,0,0
a545337c-f086-4b25-a789-5094690a485e,0,0,0,0,1,0,0,0,0,0,0,0,0,0,0,0,1,0,0
c87a6809-e6b4-4e28-98e7-93de4a023c65,0,0,1,0,0,0,0,1,0,0,0,0,0,0,0,0,0,0,0
939fb8ec-817a-4005-abcc-a285821cc4ff,1,1,0,0,0,0,0,0,0,0,0,0,0,0,0,0,1,0,0
cba3360b-bc80-431a-910f-4fdb5edae6b0,0,1,1,1,0,0,0,1,0,0,0,0,0,0,0,0,0,0,0
3bddce4a-d6d3-48d8-9feb-30e5f84c6692,1,1,0,0,0,0,0,0,1,0,0,0,0,0,0,0,0,0,0
aa973b2c-baf0-400d-ae5c-62cddc4bb4d8,1,1,0,0,0,0,0,0,0,0,0,0,0,0,1,0,0,0,0
cb5b34f2-3e8d-4850-8573-a0de34dead63,0,1,1,1,0,0,0,1,0,0,0,0,0,0,0,0,0,0,0
9b662013-2d7e-48a5-b085-9336d4c3ca49,1,0,0,0,1,0,0,0,0,0,0,0,0,0,0,0,1,0,0
22d700aa-bc6f-4c9f-9337-9f16ecf0f69e,1,1,0,0,0,0,0,0,0,0,0,0,0,0,1,0,0,0,0
7c02337b-e83e-40d0-81d9-5aca73a3080f,0,0,0,1,0,0,1,0,0,0,0,1,0,0,0,0,0,0,0
d6db476e-941d-4cf1-b524-b8e6680f3c02,0,1,1,0,0,0,0,1,0,0,0,0,0,0,0,0,0,0,0
a34efc0c-6f59-4094-a076-cd51fcadb95f,0,0,0,1,0,0,1,0,0,0,0,0,0,0,0,0,0,0,0
0ac79b15-53d2-4f83-9ace-d668d1d78883,0,0,0,0,0,0,1,0,0,0,0,0,0,1,0,0,0,0,0
be4d2495-2d5b-4f2d-bb05-47ce1092978a,1,1,0,0,0,0,0,0,0,0,0,0,0,0,0,0,1,0,0
4b9b4d74-7b47-415c-af38-a350d477ac5e,0,0,0,1,0,0,1,0,0,0,0,0,0,1,0,0,0,0,0
ce0a0f16-d0ac-4b44-bd42-82e2883e1933,1,1,0,0,0,0,0,0,0,0,1,0,0,0,1,0,1,0,0
3e819410-1ecd-405a-b09b-7ea37bdea545,1,0,0,0,1,0,0,0,0,0,0,0,0,0,0,0,1,0,0
437fb1a4-fd29-4c6c-b284-715ea6a32622,1,1,0,0,0,0,0,0,0,0,0,0,0,0,0,0,1,0,0
b2ec8e96-ed46-4ccb-b555-ba0b638a2f43,1,1,0,0,0,0,0,0,1,0,0,0,0,0,0,0,0,0,0
e66567e2-ac3c-4ecd-ad90-ec62fac64ed8,0,0,0,0,0,0,0,0,0,0,0,0,0,0,0,0,0,0,1
828b7077-1145-443a-997c-b84f0441be1d,0,0,0,1,0,0,0,0,0,0,0,0,0,0,0,0,0,0,0
bf456dc6-0e83-448a-8a33-4783201ae87c,1,0,0,0,0,0,0,0,0,0,0,0,0,0,1,0,1,0,0
74d63345-9bb7-426f-b5d2-0bbddef1612c,0,0,0,1,0,0,0,1,1,0,0,0,0,0,0,0,0,0,0
a7ff97a0-03d5-4b85-9281-a1eb50155cff,1,0,0,0,0,0,0,0,0,0,0,0,0,0,0,0,1,0,0
f9e698fd-fa3c-4557-a921-c03a12e971db,0,0,0,1,1,0,1,0,0,0,0,0,0,0,0,0,0,0,0
add4c185-5896-4a1a-b4a6-5aa551309043,0,1,0,0,0,0,0,1,1,0,0,0,0,0,0,0,0,0,0
8692bd58-d1c6-4269-a443-3417adb289dd,1,1,0,0,0,0,0,0,0,0,0,0,0,0,1,0,0,0,0
5a4cebab-6d2c-4319-ae39-821b0f57f69b,1,1,0,0,0,0,0,0,0,0,0,0,0,0,1,0,0,0,0
1f3cafc2-c80c-4560-9150-a81c985c0066,1,1,0,1,0,0,0,0,0,0,0,0,0,0,0,0,0,0,0
885e88bb-cd9f-4ffd-a113-4a8a45ede451,0,1,0,0,0,0,0,1,1,0,0,0,0,0,0,0,0,0,0
0a7986aa-0c0c-4e0f-9e7f-528acc2d0913,1,1,0,1,0,0,0,0,1,0,0,0,0,0,0,0,0,0,0
41d9f9e4-6d03-46d3-a100-12d694c75641,0,1,0,0,0,0,0,1,1,0,0,0,0,0,0,0,0,0,0
26c0870d-641f-46da-9bb1-b11324476fdb,0,0,0,0,0,0,0,0,0,0,0,0,1,0,0,0,1,0,0
f5979dbc-166a-4d9f-b321-48b4106f085f,1,0,0,0,0,0,0,0,0,1,0,0,0,0,0,0,0,1,0
8dfd3699-5a97-439f-901e-bf6ac5f765f8,0,0,0,0,0,0,1,0,1,0,0,0,0,1,0,0,0,0,0
c3891a85-0048-4e7c-bd29-48533f31b43a,1,0,0,0,1,0,0,0,0,0,0,0,0,0,0,0,1,0,0
a84e2488-e1b7-4c2b-b318-921d7ce014c8,0,0,0,0,0,0,1,0,0,1,0,0,0,0,0,0,0,1,0
8a5c7a9f-c1cb-43b4-b82a-fe330091c82b,1,1,0,0,0,0,0,0,1,0,0,0,0,0,0,0,0,0,0
936eddf6-4b06-47a6-98a0-4f3dfdab8d8e,1,1,0,0,0,0,0,0,0,0,0,0,0,0,1,0,0,0,0
d351cddd-12eb-4fd3-8a69-0c8732f0f121,0,0,0,0,0,0,1,0,0,0,0,0,0,0,0,0,0,0,0
bdd18c27-22e4-4c46-a8f7-334e5d81eab4,0,0,0,0,0,0,0,0,0,0,1,0,0,0,1,0,0,1,0
0d13c481-a4ed-4d12-a464-cecfdb4854a2,0,0,0,0,0,0,1,0,0,0,0,0,1,0,0,0,1,0,0
90a46011-5067-45bd-b7b5-6c8a377295cf,1,1,0,0,0,0,0,0,1,0,0,0,0,0,0,0,0,0,0
584780b5-f9d5-4948-8ecc-66764200e380,1,0,0,0,0,0,0,0,0,0,0,0,0,0,1,0,0,0,0
71396012-b94e-4bda-abdf-377c0724fc99,1,1,0,0,0,0,0,0,0,0,0,0,0,0,1,0,1,0,0
c06748ea-9351-4085-8528-a15b4008fa38,1,0,0,0,0,0,0,0,0,0,0,0,0,0,0,0,0,1,0
6c709acd-44ae-4a8f-9a97-20b1fb3daee0,0,0,0,0,0,0,0,0,1,0,1,0,1,0,0,0,1,0,0
f21641e4-162f-42e7-b7da-c10d92ffea14,0,0,0,1,0,0,0,0,0,0,0,0,0,0,0,0,0,0,0
9abc3dbd-0f81-4bcb-89ab-af34ace487c2,0,0,0,0,0,0,1,0,0,1,0,0,0,0,0,0,0,0,0
54f8db95-06af-4ef3-9a00-76b28c513e19,0,0,0,0,0,0,1,0,0,0,0,0,0,0,0,0,0,0,0
10d8c99e-57dc-4448-9a22-4d66f35796cb,0,0,0,0,0,0,1,0,0,0,0,0,0,0,1,0,1,0,0
8560ba45-5c14-4c1e-a7a3-fd6e5d4d0ba4,0,0,0,1,0,0,0,0,0,0,1,0,0,0,0,0,0,0,0
f4c600bc-3c37-4f26-a9fd-f88bb9f223bd,1,1,0,0,0,0,0,0,0,0,0,0,0,0,1,0,0,0,0
6982198b-daa5-4725-aeec-23d448f3b398,1,0,0,0,0,0,0,0,0,0,0,0,0,0,1,0,0,0,0
ecc73833-8c72-4fbc-ae57-e49303ce4c93,1,0,1,0,0,0,0,0,0,0,0,0,0,0,0,0,0,0,0
a7e4ea38-24f2-4a97-9dee-e1948070ec93,0,0,0,1,0,0,0,0,0,0,0,0,0,0,0,0,0,0,0
ddc9d75b-05a7-41e8-8ea3-78787876c1bb,0,1,0,1,0,0,0,0,0,0,1,0,0,0,0,0,0,0,0
2ada6a15-218d-409b-84b9-c788707560e2,1,1,1,0,0,0,0,1,0,0,0,0,0,0,0,0,0,0,0
a51a1024-032b-4fce-8810-147956fd41bb,1,1,0,0,0,0,0,0,0,0,0,0,0,0,1,0,0,0,0
a6e9b859-99cd-4b98-8dde-16a89fdfbfc0,1,0,0,1,0,0,0,0,0,0,0,0,0,1,0,0,0,0,0
a4b07fea-c5cf-4f48-9d72-758f3b5e493a,0,0,0,1,0,0,1,0,0,0,0,0,0,1,0,0,0,0,0
0abe900d-cd87-4309-a37e-7483b0bfbf16,1,1,0,1,0,0,1,0,1,0,0,0,0,0,0,0,0,0,0
a4e32f1a-049c-4293-bbe9-5f219b3d9e07,0,1,1,1,0,0,0,1,0,0,0,0,0,0,0,0,0,0,0
50d45b1e-eab5-4464-9675-1bcb542c0c81,0,0,0,0,0,0,1,0,0,0,0,0,0,0,0,0,0,0,0
5cf85c9a-750d-457d-b49f-068255ef870a,1,0,0,0,0,0,1,0,0,0,1,0,0,0,1,0,1,0,0
27160834-a4cf-4b7c-87d5-c2bcd1162c8b,1,1,0,0,0,0,0,0,1,0,0,0,0,0,1,0,0,0,0
bb7051a4-dd55-4398-b2d2-829ceb12e214,1,0,0,0,0,0,1,0,0,0,0,0,1,0,0,0,1,0,0
f20bd0df-27e3-4da9-bef6-3d57a48d0ded,0,0,0,0,0,0,0,0,0,0,1,0,0,1,0,0,0,0,0
f63fa32b-b9b9-42e6-a797-f9c85f812bf4,0,0,0,1,0,0,1,0,0,0,0,0,0,0,0,0,0,0,0
3eede90e-0469-4be1-a374-b864acc0b6b1,0,0,0,1,0,0,1,0,0,0,0,0,0,0,0,0,0,0,0
675341ee-af8d-421a-b53d-d89fc2083a35,0,0,0,0,0,0,0,0,0,0,1,0,0,0,0,0,0,0,0
f2ec9456-cbd7-46b6-aa59-27102aed88bb,0,0,0,0,0,0,1,0,1,0,0,0,0,1,0,0,0,0,0
199866c6-b08e-42a9-8dc2-9c43c69eef51,1,1,1,0,0,0,0,0,1,0,0,0,0,0,0,0,0,0,0
007dd43f-7c12-433d-b10a-6177a0dcc7f6,1,1,0,0,0,0,0,0,0,0,0,0,1,0,0,0,1,0,0
e960ca38-ab58-49b0-854c-a7fdd60dac5f,0,0,0,0,0,0,1,0,0,0,0,0,0,1,0,0,0,0,0
62456eb4-10b1-43dc-bc61-9d7fdcaac224,0,0,0,0,0,0,1,0,0,0,0,0,0,1,0,0,0,0,0
22a33a50-4bff-4d46-8b77-67ab633ea596,0,1,0,1,0,0,0,0,1,0,0,0,0,0,0,0,0,0,0
61d3208b-6d50-461d-8d2c-5a3b92096324,0,0,0,1,0,0,1,0,0,0,0,0,0,0,0,0,0,0,0
ec44eeec-82a1-4513-9cd0-cfa17e831ae0,1,1,0,0,0,0,0,0,1,0,0,0,0,0,1,0,0,0,0
d6ee814b-ae12-4c20-8e01-5afd311da4eb,1,1,1,1,0,0,0,0,0,0,0,0,0,0,1,0,0,0,0
8debc9e5-8039-4730-8ff7-a26add781363,0,0,0,0,0,0,1,0,0,0,1,0,0,0,1,0,0,0,0
f4fe3c67-9a32-43cf-8460-a8b7107ca033,0,0,0,0,0,0,0,0,0,0,1,0,1,0,0,0,1,0,0
a1c53628-c056-4ca4-9c1a-bf578b7887e8,0,0,0,1,0,0,1,0,0,0,0,1,0,0,0,0,0,0,0
eff223db-b905-451f-8f85-54297316ebb0,0,0,0,0,1,0,1,0,0,0,0,0,0,0,0,0,1,0,0
0bb0f56a-942b-499b-89e2-3802b3e22873,0,0,0,0,1,0,1,0,0,0,0,0,0,0,0,0,1,0,0
6819b659-4c76-48b4-b973-65da3278d974,0,0,0,0,0,0,0,0,0,0,1,0,1,0,0,0,1,0,0
17951152-36be-4e68-85ff-aa623349aeb4,0,1,0,0,0,0,1,0,0,0,0,0,0,0,0,0,0,0,1
abf68ada-27c1-4d42-b817-181dbb600bb4,0,0,0,1,0,0,1,0,0,0,0,0,0,1,0,0,0,0,0
d26d56ab-9f91-43a8-b6a9-e74bca7f73ed,1,0,0,0,0,0,0,0,1,0,1,0,0,0,1,0,0,0,1
5c355400-34d9-41df-80d5-9c20c2727296,0,0,0,0,0,0,0,0,0,0,1,0,1,0,0,0,1,0,0
106acde8-7903-4545-9800-faec335c2700,0,1,0,0,0,0,1,1,1,0,0,0,0,0,0,0,0,0,0
4b756062-5302-4e47-a552-b68728b3dcf4,0,0,0,0,0,0,1,0,0,0,0,0,0,0,0,0,0,0,0
8a3a2843-9389-4e07-8b17-a0a050b57c1f,0,0,0,0,1,0,0,0,0,0,1,0,0,0,0,0,0,0,0
09ba725a-cf0c-42e1-8edf-2cb938908c8e,0,0,1,1,0,0,0,1,0,0,0,0,0,0,0,0,0,0,0
d267a9d5-4115-4e5d-82ea-05954540c8a9,0,0,1,1,0,0,0,1,1,0,0,0,0,0,0,0,0,0,0
7aa303e2-e56b-4698-8131-cdcb617aab5d,1,1,0,0,0,0,0,0,0,0,0,0,0,0,0,0,1,0,0
ca03939f-e66a-44e5-a3b4-d1f942c7b7fc,0,0,0,1,0,0,0,0,0,0,0,0,0,0,0,0,0,0,0
3adfed44-cdfe-4287-bcdf-bf9af6d14a0e,0,0,0,1,0,0,0,0,1,0,0,0,0,1,0,0,0,0,0
0bf5b27a-97e1-4a95-b888-1184247990ae,0,0,0,0,0,0,1,0,0,0,0,1,0,0,0,0,0,0,0
86999b21-2505-464d-8019-81eb2e57fe4b,0,0,0,0,0,0,1,0,0,0,0,0,1,0,0,0,1,0,0
0a70c37b-8167-47d0-a43a-5405d8b24cd1,0,0,0,0,0,0,1,0,0,0,0,0,1,0,0,0,1,0,0
576af465-733c-4f12-b857-9c09bd4c3f54,0,0,0,0,1,0,0,0,0,0,0,0,1,0,0,0,1,0,0
8858887f-79ea-4799-bf91-3af5f60599fe,0,1,1,1,0,0,0,1,0,0,0,0,0,0,0,0,0,0,0
d0caa9f0-fbf0-4647-a40a-87836d46b3ad,0,0,0,0,0,0,1,0,0,0,0,0,1,0,1,0,1,0,0
ae51b690-6daf-4e0a-838a-4ab999d87217,0,0,0,0,0,0,1,0,0,0,0,0,0,0,0,0,0,0,0
79d2b070-01ae-4764-b2c8-65a3bc169623,1,0,0,0,0,0,1,0,0,0,0,0,0,1,0,0,0,0,0
5e69fa51-66f4-4bb5-b575-45e418eadccb,0,0,0,0,0,0,0,0,0,0,1,0,0,0,0,0,1,0,0
ecdb4f12-a4b3-43d3-ac1c-f379922f05b2,1,1,0,0,0,0,0,0,0,0,0,0,0,0,0,0,0,0,0
d7f15ec8-372a-469d-aac7-3095edb3f97a,1,0,0,0,0,0,0,0,0,0,0,0,0,0,1,0,1,0,0
12bcd2c0-cdc0-48c4-a1a1-8b3d8aee39c4,1,1,0,0,0,0,0,0,0,0,0,0,0,0,1,0,1,0,0
4b8796be-caea-4b70-a565-0e762ceaf16b,0,0,1,1,0,0,0,1,0,0,0,0,0,0,0,0,0,0,0
dded68be-f44d-4a21-b739-fdfef9dba68b,1,1,0,0,0,0,0,0,0,0,0,0,0,0,0,0,1,0,0
df6605df-bd69-490d-8597-57be371f9f63,0,0,0,0,1,0,1,0,0,0,0,0,0,0,0,0,1,0,0
add09a2d-7940-41df-b39d-213b07c61e4b,0,0,0,0,1,0,1,0,0,0,0,0,0,0,0,0,1,0,0
61b1b0ff-94bb-414e-a50f-d97ec453e380,0,0,1,0,0,0,0,1,0,0,0,0,0,0,0,0,0,0,0
a85dd79b-4b95-4c17-91db-3d6a6c2487b8,0,0,0,0,0,0,1,0,0,0,0,0,0,1,0,0,1,0,0
c162079e-13e8-4b2e-9f87-785edb67ee94,0,0,0,0,1,0,1,0,0,0,0,0,0,0,0,0,0,0,0
143b1262-b64e-4ba3-a320-354fc533aefb,0,0,0,1,0,0,0,0,1,0,0,0,0,1,0,0,0,0,0
46424ad2-093d-4598-b101-61854343a3c9,0,0,0,0,1,0,1,0,0,0,0,0,0,0,0,0,1,0,0
fbcc40b9-ab14-45e9-bd03-5f34f2d2f1e1,1,0,0,0,0,0,0,0,1,0,0,0,0,0,0,0,0,0,0
f12afc4b-a5a8-4aea-9c10-b65315f0a8b1,1,0,0,0,1,0,0,0,0,0,0,0,0,0,1,0,0,0,0
95bb42aa-48b1-4ad1-bf0c-1b569d7629dd,1,1,0,0,0,0,0,0,1,0,0,0,0,0,0,0,0,0,0
bc41add9-cf20-4efa-ad82-a9a6b84eed27,1,1,0,0,1,0,0,0,0,0,0,0,1,0,0,0,1,0,0
6965c599-42d0-42e1-a6db-15478687030a,0,0,1,0,0,0,0,1,0,0,0,0,0,0,0,0,0,0,0
2bb6cbbf-44a5-4324-bd7a-40ec5bc054c7,0,0,0,0,0,0,1,0,1,0,0,0,1,0,1,0,1,0,0
e7aa4086-f19a-4c0e-9b99-72b7aa33709c,0,0,0,1,0,0,1,0,0,0,0,0,0,0,0,0,0,0,0
ae62ad45-e67b-4ddf-8262-058c5bc0c527,0,0,0,1,0,0,1,0,0,0,0,0,0,0,0,0,0,0,0
af5ed522-092c-45f7-ad85-6663cfa13365,0,0,0,0,0,0,0,0,0,0,0,0,1,0,0,0,1,0,0
11650f89-5714-45db-bb9b-25b3ba003526,0,0,0,0,0,0,1,0,0,1,0,0,0,0,0,0,0,0,0
6ceef134-4cb2-4643-b7d1-2317a58ba409,0,0,0,0,0,0,1,0,0,0,0,0,1,0,1,0,0,0,0
385f3a52-fb8e-49ce-88b3-433465183906,1,1,0,0,0,0,0,0,1,0,0,0,0,0,0,0,0,0,0
d3762bb5-4bda-486f-97bb-99fb25ab0ff3,1,1,0,0,0,0,0,0,0,0,0,0,0,0,0,0,1,0,0
2a18fedd-fe97-48d3-a64b-5fd1522d65be,0,1,0,0,0,0,1,0,0,0,0,0,0,1,0,1,0,0,0
adae1fd5-9dfe-4cc7-8088-7da9cb6d6a58,0,1,0,0,0,0,0,0,1,0,0,0,0,0,0,0,0,0,0
8e68e91f-3f4c-4bd9-84f4-57cf71821d45,0,0,0,0,0,0,1,0,0,0,0,0,0,0,0,0,0,0,0
b1c7729f-5366-49f9-b918-1237bda880f6,0,0,0,0,0,0,1,0,0,0,0,0,0,0,0,0,0,0,0
c97fd27c-9889-46da-b0f4-d64c2085b746,1,1,0,0,0,0,1,0,0,0,0,0,0,0,0,0,1,0,0
23380f7a-d6ad-42cf-be4b-17362eead2cc,1,0,0,0,0,0,0,0,1,0,0,0,0,0,0,0,1,0,0
125fcd43-a1a1-4a42-98d2-a53ceca732af,1,1,0,1,0,0,0,1,1,0,0,0,0,0,0,0,0,0,0
c74067a0-609e-4dff-b72d-321879a4c3cb,0,0,0,0,1,0,1,0,0,0,0,0,0,0,0,0,1,0,0
ce28dbff-f2b6-42c7-8eea-b31251799e59,0,0,1,0,0,0,1,1,0,0,0,0,0,0,0,0,0,0,0
455cf32d-7d54-4169-809e-56bbf85c1994,0,0,0,0,1,0,1,0,0,0,0,0,1,0,0,0,1,0,0
a0c45dc4-17b2-4c22-b530-affaab0b769f,1,0,0,1,1,0,0,0,0,0,0,0,0,0,0,0,0,0,0
7a9420bc-d9c2-473c-b238-e2d01d9071d0,1,1,0,0,0,0,0,0,1,0,0,0,0,0,1,0,0,0,0
5941c847-0cd8-4d5a-95c3-56a4c9331f92,1,1,0,0,0,0,0,0,0,0,0,0,0,0,0,0,1,0,0
15feb7bf-7138-4a15-b820-9b0d52435c0e,0,0,0,0,0,0,0,0,0,0,1,0,1,0,1,0,1,0,0
cf8e4fa8-38cb-4c89-af48-51421f46d7ce,1,1,0,0,0,0,0,0,0,0,0,0,0,0,0,0,1,0,0
45590941-3813-48c3-8bc2-3d24ec39a812,1,0,0,0,0,0,0,0,0,0,0,0,0,0,0,0,1,0,0
a0423238-ff8c-4099-bf08-6e0ca198f342,1,1,0,0,0,0,0,0,0,0,0,0,0,0,0,0,1,1,0
0922990a-074f-4811-8e53-79d488c15d16,0,1,1,1,0,0,0,1,1,0,0,0,0,0,0,0,0,0,0
3e927fa6-2542-4ec2-9a09-a4d63f8576f0,0,0,0,0,0,0,1,0,0,1,0,0,0,0,0,0,1,1,0
9df8c704-857f-4e1e-a035-54f331af2102,1,0,1,0,0,0,0,0,0,0,0,0,1,0,0,0,0,0,0
3a1adaa7-17da-4fa9-bf81-676d5e26e25b,0,1,0,0,0,0,1,0,0,0,0,0,0,0,1,0,0,0,0
a531aeba-79d0-46f6-82c3-926700b96506,1,0,0,1,0,0,1,0,0,0,0,0,0,0,0,0,0,0,0
6f7cdea1-e735-45b8-9a7f-923db9dbdb5c,0,1,1,0,0,0,0,0,1,0,0,0,0,0,0,0,0,0,0
a636a2de-21dc-4d08-86f4-463b102ac2db,0,0,0,0,0,0,0,0,0,0,1,0,0,0,1,0,1,0,0
b5a83df5-1681-41df-afb5-24fc71f57011,0,0,0,0,1,0,1,0,0,0,0,0,0,0,0,0,1,0,0
4e7e1fc9-64f5-4fb6-8099-67f5892baf82,0,0,0,0,0,0,1,0,0,0,0,0,0,1,0,0,0,0,0
6e0e0926-7685-4b5e-83a5-4fb6312f5494,0,0,0,0,0,0,0,0,0,0,0,0,0,0,1,0,0,0,0
c3b82c33-4f35-43f6-9c01-ba9af193036e,0,0,0,0,0,0,1,0,0,0,0,0,0,0,1,0,1,0,0
ba19ebb2-0815-4034-a8b6-6588c3e761e8,0,1,0,0,1,0,1,0,0,0,0,0,1,0,0,0,1,0,0
4f5203d2-7d06-4769-aef0-0a3de2703752,0,0,0,0,0,0,0,0,0,0,0,0,0,0,1,0,1,0,0
7f470b30-82cb-4bea-a720-9f41b98fcaf1,0,0,1,1,0,0,0,1,0,0,0,0,0,0,0,0,0,0,0
970f4bc7-de56-4826-a240-3ca70474b400,0,1,0,0,0,0,1,1,1,0,0,0,0,0,0,0,0,0,0
dbdd7666-4857-4662-ae27-43978852dbf7,0,0,0,0,0,0,1,0,0,1,0,0,0,0,0,0,0,0,0
5bff53a9-88f4-4898-a47e-1a5eaf5c4491,0,0,0,0,0,0,0,0,0,0,1,0,0,0,0,0,0,0,0
b2a894fc-4aea-4c5f-9b73-b0067b524879,1,1,1,1,0,0,0,1,1,0,0,0,0,0,0,0,0,0,0
211c8a33-4287-47af-bf29-728ad3d46dfd,0,0,0,0,0,0,1,0,0,0,0,1,0,0,0,0,0,0,0
e1d096d6-62bb-47a3-961c-66c37dc7abfa,1,1,0,0,1,0,0,0,0,0,0,0,1,0,0,0,1,0,0
bb955fb6-ac06-42dd-b2d7-881ca9eb49a6,0,0,1,1,0,0,0,1,0,0,0,0,0,0,0,0,0,0,0
8c0a6270-6b60-46be-bc54-d92088c5eb4c,0,0,0,0,0,0,1,0,0,1,0,0,0,0,0,0,1,0,0
a98dcd5b-258e-4bda-8619-94fb4564788a,1,0,0,0,1,0,1,0,0,0,0,0,1,0,0,0,1,0,0
6129d043-5154-4fa3-b85e-783c762e472e,0,0,0,0,0,0,1,0,0,1,0,0,1,0,0,0,1,0,0
2156d330-9b2e-4a9e-b6f6-5f763fb4256b,0,0,0,0,0,0,0,0,0,0,1,0,0,0,0,0,0,0,0
e485583a-234f-4df2-8bbf-b65b605a0695,0,0,0,0,1,0,0,0,0,0,0,0,0,0,0,0,1,0,0
cf4fb6f9-cd77-497d-be85-c72bbea576f5,0,0,0,0,1,0,1,0,0,0,0,0,0,0,0,0,0,0,0
f1620158-a3ac-4dc2-9b16-6decf13fa853,0,1,0,0,0,0,0,0,0,0,0,0,0,0,1,0,0,0,0
696a6ac6-f54f-45b2-8647-39f0eed49401,0,0,0,1,0,0,0,0,0,0,0,0,0,1,0,0,0,0,0
9fb81124-97e0-4071-87cf-793afb1e16e9,0,0,0,0,0,0,1,0,0,0,0,0,0,0,0,0,0,0,0
cb382cd2-0202-4dda-b24c-0ccee9a95db6,0,0,0,1,1,0,1,0,0,0,0,0,1,0,0,0,1,0,0
cd26b3f1-756c-4a32-a622-66f988a4ed31,0,0,0,0,1,0,1,0,0,0,0,0,0,0,0,0,1,0,0
458fd797-ca91-45ec-a4a5-58bb5fc3cfe1,0,0,0,0,0,0,1,0,1,0,0,0,0,0,0,0,0,1,0
b7079c5d-f3a3-4d25-975a-57e453317cbd,1,0,0,1,0,0,0,0,0,0,0,0,0,0,0,0,0,0,0
e49c7bf4-21b1-4fd2-a918-321214e13c78,0,0,0,0,0,0,1,0,0,1,0,0,0,0,0,0,0,0,0
28988091-bd0d-49d9-bcf5-f1bc4095ac05,0,0,0,0,0,0,0,0,0,0,0,0,0,0,1,0,0,0,0
dc3d8ff7-8b7f-482f-87ea-4b94c1a137ad,1,0,0,0,0,0,0,0,0,0,0,0,1,0,1,0,1,0,0
fe0bbbfa-2e08-4373-a1dc-5eef030d87b3,1,0,0,0,0,0,0,0,1,0,0,0,0,0,0,0,1,0,0
25aa55e3-a68d-4b13-adc1-2d9271162634,0,0,1,0,0,0,0,1,0,0,0,0,0,0,0,0,0,0,0
688faf6a-e0bc-419f-89d1-d9ff4c66a544,0,1,0,0,0,0,1,1,1,0,0,0,0,0,0,0,0,0,0
4286eab7-83b5-4f85-8829-1fbafb8b9027,0,0,0,0,0,0,1,0,0,0,0,0,0,0,0,0,0,1,0
20f7fda4-64c7-4280-bef2-cfd7505fd1f2,1,0,0,0,0,0,0,0,0,0,0,0,0,0,0,0,1,0,0
d2c27a2e-ec64-4604-835f-a9f0e7d32640,0,0,0,0,0,0,1,0,0,0,0,0,0,0,0,0,0,0,0
d2d9093b-edb1-4a8f-b1ad-c800b9b7a1e6,1,0,0,0,0,0,0,0,0,0,0,0,0,0,0,0,1,0,0
802c81fa-1725-44cb-b40b-d94741988dd4,1,0,0,0,0,0,1,0,0,0,0,0,0,0,0,0,0,1,0
2e6851e2-7e86-45d7-8aff-0fd6b7731573,1,0,0,0,1,0,1,0,0,0,0,0,0,0,0,0,1,0,0
4d23beaf-d772-46b9-9e07-cd68dfc1d33e,0,1,0,0,0,0,0,1,1,0,0,0,0,0,0,0,0,0,0
ca897029-ff86-4943-a923-0bb77dd24f87,1,1,0,0,0,0,0,0,0,0,0,0,0,0,1,0,0,0,0
858486f4-cd16-4480-9635-b513f49c448e,0,0,0,0,0,0,0,0,0,0,1,0,1,0,0,0,1,0,0
3ec0b97e-fa2e-4a43-9567-31cffd09676a,0,0,0,0,0,0,0,0,0,0,1,0,0,0,0,0,0,0,0
825f9fc9-039c-4186-9453-bb148eb29be3,0,0,0,1,0,0,1,0,0,0,0,0,0,1,0,0,0,0,0
bc512698-1bf1-4237-9d04-55046552de2b,0,0,0,0,1,0,1,0,0,0,0,0,1,0,0,0,1,0,0
6e04d62e-63e1-4030-88d5-c79e86e2f3ec,0,0,0,1,1,0,0,1,0,0,0,0,1,0,0,0,0,0,0
76514f55-43c3-45da-9b15-fd9d6012acf0,1,1,0,0,0,0,0,0,0,0,0,0,0,0,0,0,0,0,0
98759c02-6c87-4b88-83e4-116fb0c8a866,0,1,1,1,0,0,0,1,0,0,0,0,0,0,0,0,0,0,0
0bba47f6-34d3-41de-9926-dbf1380e6364,0,0,0,0,0,0,0,0,0,0,1,0,0,0,0,0,0,0,0
681a2f00-4785-4315-a5a0-8336310361cc,0,0,0,1,0,0,0,0,0,0,0,0,0,0,0,0,0,0,1
747741b3-2f55-4207-a392-f9f1eb52ff8a,0,0,0,1,0,0,1,0,0,0,0,0,0,1,0,0,0,0,0
1ac4b1a8-8a2f-41e6-8bb3-daf85382c0b9,0,0,0,0,0,0,0,0,0,0,0,0,0,1,0,0,0,0,0
c85f26b0-7a33-4124-85ff-a9c6614dcf9e,0,0,0,0,0,0,0,1,1,0,0,0,0,0,0,0,0,0,0
82f368fb-9bee-4c82-b295-7b60bc463e06,0,0,0,0,0,0,0,0,1,0,1,0,1,0,0,0,1,0,0
45146c35-539f-4625-8a65-e1c53dd40fb7,0,0,0,1,1,0,0,0,1,0,0,0,0,1,0,0,0,0,0
0089531a-f365-4295-896f-d1f10c73a2a5,0,0,0,1,0,0,1,0,0,0,0,0,0,1,0,0,0,0,0
b2c49b98-11c0-4548-82d6-3a0228783e11,1,0,0,1,0,0,0,0,0,0,0,0,0,0,0,0,0,0,0
50cb4aed-2af2-41e6-a926-f145c91bd821,0,0,1,1,0,0,0,1,1,0,0,0,0,0,0,0,0,0,0
3ef85fda-9dd5-4dac-81f7-bbf5d037ecaf,1,1,0,1,1,0,0,0,0,0,0,0,0,0,0,0,0,0,0
309d66e6-af35-4cd2-809a-79210f7e1034,0,0,0,1,1,0,0,0,0,0,0,0,1,0,0,0,0,0,0
281269c6-a7ce-4d9f-88bc-67c79324de1a,0,0,0,0,0,0,0,0,0,0,0,0,0,0,1,0,0,0,0
9874d122-4792-48c1-8611-ed5ea46d829f,1,0,0,0,0,0,0,0,1,0,0,0,0,0,0,0,0,1,0
bbed0e84-f2e2-4d76-97df-4c3c726146d2,0,1,1,1,0,0,0,1,0,0,0,0,0,0,0,0,0,0,0
e825747e-8d23-4e93-8bce-46d710d22a77,1,1,0,0,1,0,0,0,0,0,0,0,0,0,0,0,1,0,0
e2161609-69e5-4771-ad8e-330d3b965883,1,0,0,0,0,0,1,0,0,0,0,0,0,0,0,0,1,0,0
064c41c0-5fed-427f-b1c1-32e5a39d1248,0,1,0,0,0,0,0,1,1,0,0,0,1,0,0,0,0,0,0
5e5daac8-a05d-4124-b621-1edb41a5f62d,1,0,0,0,0,0,1,0,1,0,1,0,0,0,0,0,0,1,0
2e965bb9-1ce3-4a3a-8419-99f976342666,0,0,0,0,1,0,1,0,0,0,0,0,0,0,0,0,0,0,0
46632a6e-0dab-454b-9ca9-631ea2ed50a6,0,0,0,1,0,0,0,0,0,0,0,0,0,0,0,0,0,0,0
bd4c226c-dcc9-4442-b1a9-c88a57525b29,0,0,0,0,0,0,0,0,0,0,1,0,0,0,0,0,1,0,0
bacf8e68-d01f-43ea-88aa-c0bf427295a2,1,1,0,0,0,0,0,0,0,0,0,0,0,0,1,0,0,0,0
b8ad5471-51ba-402f-9124-9f7c23ca2c2c,1,1,0,1,0,0,0,0,1,0,0,0,0,0,0,0,0,0,0
81649b24-0525-4a6e-a112-2ddcdc002089,0,0,0,0,1,0,1,0,0,0,0,0,0,0,0,0,1,0,0
8e1a4df9-a4c4-4b3c-84c7-b42bed1c1d46,0,0,0,0,0,0,1,0,0,1,0,0,0,1,0,0,0,0,0
9431a7b1-aaab-41ec-b46a-906ad914602b,0,0,0,0,0,0,1,0,0,0,0,0,0,1,0,0,0,0,0
054a6402-2ea3-4fb6-a7ed-ed397fd00d48,0,0,0,1,0,0,0,0,0,0,0,0,0,0,0,0,0,0,0
87e5fe18-1b66-4d85-b1f0-c8b644c0145b,0,0,0,0,0,0,1,0,0,0,0,0,0,0,0,0,1,0,0
8fe45931-1c76-4c78-acda-98ca920fbd61,1,0,0,0,1,0,0,0,0,0,0,0,0,0,0,0,1,0,0
3e37ceb1-0d89-4c0d-b9a4-c03ae3c58beb,0,0,0,1,0,0,0,0,0,0,1,0,1,0,1,0,1,0,0
ab8bc39c-7486-410a-9ab8-f80c4e3581de,0,1,1,1,0,0,0,1,0,0,0,0,0,0,1,0,0,0,0
d53aa78d-8fb8-48c5-86f4-f083ba93d7fd,0,0,0,0,0,0,0,0,0,0,1,0,0,0,0,0,1,0,0
de5a801b-30d1-4d87-ae21-a94c66d60fe4,0,0,0,0,0,0,1,1,1,0,0,0,0,1,0,0,0,0,0
1144fb6c-c099-405a-9438-057f84de858d,0,0,0,1,0,0,1,0,0,0,0,0,0,1,0,0,0,0,0
17d884e2-18f1-4950-ad55-df1ba077901c,0,1,1,1,0,0,0,1,0,0,0,0,0,0,0,0,0,0,0
0293ee0e-911e-466d-ab12-9f4b0c3c3bbc,1,1,0,0,0,0,1,0,0,0,0,0,0,0,0,0,1,0,0
101844bd-09b8-46ae-86fe-171c8a26f753,0,0,0,0,0,0,1,0,0,0,0,0,0,1,0,0,0,0,0
73bf476b-546d-41c8-b404-7ceed541c63e,0,0,1,0,0,0,0,1,0,0,0,0,0,0,0,0,0,0,0
bb701fe6-39a4-4b06-9ea5-483aaedc28c0,0,0,0,0,0,0,0,0,0,0,1,0,0,0,0,0,1,0,0
ff253596-7060-4fa5-a64a-a7cb74c1ccb8,0,1,0,0,0,0,0,1,0,0,0,0,1,0,1,0,0,0,0
b9fd164f-fd90-4951-882d-03b793de7c88,0,0,0,0,0,0,1,0,0,0,0,0,0,0,0,0,0,0,0
1d1e3702-c831-49c9-a48c-c91b7673b617,1,1,1,1,0,0,0,1,0,0,0,0,0,0,0,0,0,0,0
60439ef5-d3a7-4839-ac7e-9e8784086430,0,0,1,1,0,0,0,1,0,0,0,0,0,0,0,0,0,0,0
e894f956-a219-4742-8d09-564ebd28a7e6,0,0,0,0,1,0,1,0,0,0,0,0,0,0,0,0,0,0,0
9ab56038-eeca-4b28-850b-558e42c36b5f,1,1,1,0,0,0,0,0,0,0,0,0,0,0,1,0,0,0,0
ff044cc5-016e-4d82-86d7-ba5296ca4dad,0,0,0,1,0,0,1,0,0,0,0,0,0,1,0,0,0,0,0
16e26c09-75b2-45ea-9ea3-394ff1ae6e35,1,0,0,0,1,0,0,0,0,0,0,0,0,0,0,0,1,0,0
f141080c-6a20-45d6-9ab9-9c589f799a9c,1,0,0,0,0,0,1,0,0,0,0,0,0,0,0,0,0,0,0
be315d6d-7733-4a03-8125-bc62397cfb10,1,0,0,1,0,0,0,0,0,0,0,0,0,0,0,0,0,0,0
1483760e-e292-41fd-b561-aba6f17233f0,0,0,0,0,0,0,0,0,0,0,0,0,1,0,0,0,1,0,0
0e111629-777f-46ef-8238-9c19e675b6df,0,0,0,0,0,0,0,0,0,0,0,0,1,0,0,0,1,0,0
2f7c50ed-5df4-4934-971d-f0e8af3c363d,0,0,0,0,1,0,1,0,0,0,0,0,1,0,0,0,1,0,0
0ba86f0f-6b64-4d24-a20b-c3caaa8b0566,0,0,1,0,0,0,0,0,0,0,0,0,0,0,0,0,0,0,0
7c6ee2b2-73be-40a0-8f52-f5c5e80edd13,1,0,0,1,1,0,0,0,0,0,0,1,0,0,0,0,0,0,0
b29cddb7-12b3-4cdb-b1cb-0b5c29eaae9d,0,1,1,1,0,0,0,1,0,0,0,0,0,0,0,0,0,0,0
7a1fc4ed-de4e-4db0-abdf-c2b7cd8bbd9d,1,0,0,0,0,0,1,0,0,0,0,0,0,0,0,0,0,0,0
ad29b605-c510-40c7-9e8b-1b3c15192f93,1,0,0,1,0,0,0,0,0,0,0,0,0,0,0,0,0,0,0
991e58e4-7bbb-4e80-aaad-164f374a83a5,0,0,0,0,1,0,1,0,0,0,0,0,0,0,0,0,0,0,0
2234e2e3-9b04-48ea-806c-d70b76805e35,1,0,0,1,0,0,0,0,0,0,0,0,0,0,0,0,0,0,0
77718b21-be51-47a3-8624-fc3f39940377,0,0,0,0,1,0,1,0,0,0,0,0,1,0,0,0,1,0,0
3cf08d77-4fbc-49e3-947d-de318bbd8878,0,0,0,0,0,0,1,0,0,0,0,0,0,0,0,0,0,0,0
fe333fb4-8e4b-4815-9c82-92161d7346f9,1,0,1,1,0,0,0,1,0,0,0,0,0,0,1,0,0,0,0
3f77d086-0b7b-4b0c-950b-c2307919fbe7,0,0,0,1,0,0,1,0,0,0,0,0,0,0,0,0,0,0,0
eed00c90-ea04-4456-b72a-03962d1b781b,0,0,0,0,0,0,1,0,0,0,0,0,0,0,0,0,1,0,0
55ce8916-b343-49d9-b809-d50382c686fe,1,1,0,0,0,0,0,0,1,0,0,0,0,0,0,0,0,0,0
ba88a60e-78af-498e-91b4-5b7437a05328,0,1,1,1,0,0,0,1,1,0,0,0,0,0,0,0,0,0,0
c6dc04dd-dae6-46a9-94e7-fc9a2ce62e6d,0,0,0,0,0,0,0,0,0,0,1,0,0,0,0,0,1,0,0
f70c2cd8-c9ab-4adc-9bb6-6409868eaeb7,1,1,0,0,1,0,0,0,0,0,0,0,1,0,0,0,0,0,0
53587118-1a8a-45cf-95e6-eedf9cc8abf7,1,1,0,0,0,0,1,0,0,0,0,0,0,0,0,0,0,0,0
1fdd40da-2d37-4bba-8732-8ea782398e2d,1,1,0,0,0,0,0,0,0,0,0,0,0,0,0,0,1,0,0
2c46d050-7107-4115-bcbb-23349a7e4d07,0,1,0,0,0,0,0,1,1,0,0,0,0,0,0,0,0,0,0
5848a2d2-9519-4811-9df6-b7ce88cae309,0,1,0,0,0,0,0,1,1,0,0,0,0,0,0,0,0,0,0
be0790ca-e9d9-42dc-87db-0648727cad3b,0,0,0,0,1,0,1,0,0,0,0,0,0,0,0,0,1,0,0
641691b4-8fed-402e-8eca-a1d5700a67a6,0,0,0,1,0,0,1,0,0,0,0,0,0,0,0,0,0,0,0
d403314c-5433-46e1-afff-9647879312c2,1,1,0,0,0,0,0,0,1,0,0,0,0,0,1,0,1,0,0
7ab63a9c-3385-492a-9058-5a74b7769482,0,0,0,0,0,0,0,0,0,0,0,0,0,0,0,0,1,0,0
052d65ae-eca7-4a45-af5f-3142507d2363,0,0,0,1,0,0,0,0,0,0,0,0,0,0,0,0,0,0,0
eea7da00-0aa5-48e2-8b5d-9af6832c6bed,0,0,0,1,0,0,1,0,0,0,0,0,0,0,0,0,0,0,0
eb1afd64-b670-472c-840c-1a52d0657b2c,0,0,1,1,0,0,0,1,0,0,0,0,0,0,0,0,0,0,0
b094373e-2501-437a-841d-7eb35bea2b72,0,0,0,0,0,0,0,0,0,0,0,0,0,0,1,0,0,0,0
bb5b3c76-c9f5-46f0-b3a4-8b71bb8f8cda,0,0,1,1,0,0,0,1,0,0,0,0,0,0,0,0,0,0,0
c68c859b-8cb6-41f8-9942-f81943fc5066,0,0,1,1,0,0,1,1,0,0,0,0,0,0,0,0,0,0,0
5a1cec3c-5b87-47fc-a060-34ec8d476c64,1,1,0,0,0,0,0,0,0,0,0,0,0,0,1,0,1,0,0
5c76f397-b0f4-49ec-9c75-5443d46827bf,0,0,0,1,1,0,1,0,0,0,0,0,1,0,0,0,1,0,0
877b4b62-362b-498e-9037-738a2211c6fa,0,1,0,1,0,0,1,1,1,0,0,0,0,0,0,0,0,0,0
865e0de0-4750-49a4-b66b-4c42c30b8631,1,0,0,1,1,0,1,0,0,0,0,0,0,0,0,0,1,0,0
ade61216-9c75-4db4-b616-e689d3182a0f,1,1,0,0,1,0,0,0,1,0,0,0,0,0,1,0,0,0,0
20b80822-d72d-41f8-a0c2-18fe639bdb6d,0,0,0,0,1,0,0,0,0,0,0,0,0,0,0,0,1,0,0
44df19ea-56f7-47ea-9e77-ccd7c13cf42b,0,0,0,0,1,0,1,0,0,0,0,0,0,0,0,0,0,0,0
15497441-a2d5-4b98-93dd-79bd55346e1e,0,0,0,0,0,0,1,0,1,0,0,0,0,1,0,0,0,0,0
a2f526b0-47ec-436b-a576-7f979efb6d27,1,0,0,0,0,0,1,0,0,0,0,0,0,0,0,0,1,0,0
0f2e4933-8541-4413-bbf0-13a65ac1e8a1,0,0,0,0,0,0,1,0,0,1,0,0,0,0,0,0,0,1,0
aea1cf9d-bb68-4a6c-afed-84f835da2b98,0,0,0,0,0,0,1,0,0,0,0,0,1,0,0,0,1,0,0
1a42ea5d-09e4-4fcf-b8e6-4b97ab702cfd,1,0,0,0,0,0,0,0,1,0,0,0,0,0,0,0,1,0,0
462a0cbb-d1b0-4f41-9b38-8c3fe9988105,1,0,0,1,1,0,0,0,0,0,0,0,0,0,0,0,1,0,0
3dd4aa39-e933-4adc-b357-258c21620405,1,1,0,1,0,0,0,0,0,0,0,0,0,0,0,0,0,0,0
45e92d37-e611-4f2b-bb57-60f3fa15c888,0,0,1,0,0,0,0,1,1,0,0,0,0,0,0,0,0,0,0
75f3f7a6-7750-4b49-9f93-77a9f9fea495,1,1,0,0,0,0,0,0,0,0,0,0,0,0,1,0,1,0,0
18404418-5013-4513-a491-69e5ad422e63,0,0,1,0,0,0,0,1,0,0,0,0,0,0,0,0,0,0,0
dd1c4f04-a79f-44c7-82ef-ccb1147da904,0,0,0,0,1,0,1,0,0,0,0,0,0,1,0,0,0,0,0
7effc829-e67f-4f58-8706-14010735e052,0,0,0,1,0,0,1,1,0,0,0,0,0,0,0,0,0,0,0
cef97b63-57c4-4d05-a6bf-44fab2e1fe64,1,1,0,0,0,0,0,0,0,0,0,0,0,0,1,0,1,0,0
daec194c-1f86-4c8f-9e8e-ca3eedd3d33d,0,0,0,0,0,0,0,0,0,0,1,0,0,0,0,0,1,0,0
93dbee18-a53c-48a9-966a-527d859f76f9,0,0,0,0,0,0,0,0,0,0,0,0,0,1,0,0,0,0,0
41f4d97a-1cc0-4265-acd8-979dfdb0a7c8,0,0,0,0,0,0,0,0,0,0,1,0,0,0,0,0,0,0,0
56319571-a857-487f-8cd7-1dcb48de5239,1,0,0,0,0,0,1,0,0,0,0,0,0,0,0,0,1,0,0
0a1bcb32-4a6b-4552-b66a-efff1887ef2e,1,1,0,0,0,0,0,0,0,0,0,0,0,0,0,0,1,0,0
2b437ef7-4768-493d-85fd-d1d48fe690e5,0,0,1,1,0,0,0,1,1,0,0,0,0,0,0,0,0,0,0
e488d684-c48a-4eba-890d-9ead0993333a,0,0,0,0,0,0,0,0,0,0,0,0,0,0,1,0,1,0,0
80b2b397-951b-481a-a86d-30a0093d3b7f,0,0,0,0,1,0,1,0,0,0,0,0,0,0,0,0,1,0,0
3351421a-63f0-4b31-85ca-3c90ce337ce3,0,0,0,0,1,0,1,0,0,0,0,0,0,0,0,0,0,0,0
f6505350-47ad-412c-a073-5358ea938ca5,1,1,0,0,0,0,0,0,0,0,0,0,0,0,1,0,0,0,0
66123832-3dcd-4cb4-8dcb-5e7d477acf2f,0,1,0,0,0,0,0,1,1,0,0,0,0,0,0,0,0,0,0
25618f35-f891-4763-a1be-577ff83af66f,0,0,0,0,0,0,0,0,0,0,0,0,1,1,1,0,1,0,0
a59dbeca-c754-43a7-bb8e-4ace9aa3e13f,0,0,0,1,0,0,0,0,0,0,1,0,0,0,0,0,0,0,0
29684784-d280-42bd-b4d9-b0097b086273,1,0,0,0,0,0,1,0,0,0,0,0,0,0,1,0,0,0,0
5db126ae-cfb5-4e18-8e3b-4da275c66228,1,0,0,0,0,0,1,0,0,0,0,0,0,0,1,0,0,0,0
c9996649-36ae-4a24-8e2f-ebdb07f269f0,1,0,0,0,0,0,1,0,0,1,0,0,0,0,0,0,0,1,0
2ddcd814-145d-4822-9687-dece1e5c8c00,0,0,1,0,0,0,1,1,0,0,0,0,0,0,0,0,0,0,0
9a0b8ba9-cdcb-4885-928c-ed08635c4fb6,0,0,0,0,0,0,0,0,0,0,1,0,0,0,1,0,0,0,0
1110d2f4-9174-49c2-88b8-2e4910b3fe33,0,0,0,0,0,0,1,0,0,0,0,0,0,0,0,0,0,0,0
a147a80c-2292-4fb3-af0e-cf48802ee517,1,1,0,0,1,0,0,0,0,0,0,0,0,0,0,0,0,0,0
c044fbac-3aea-4bca-b665-e7d2d91eba57,0,0,0,1,0,0,0,0,0,0,0,0,0,0,0,0,0,0,0
a05f5ef3-9f0c-4ebf-8313-d0b35d043c6c,1,0,0,0,0,0,1,0,0,0,1,0,0,0,1,0,1,0,0
ed6fb40e-2b2e-4175-ac2b-75d7cb3ec2e8,0,0,0,1,0,0,1,0,0,0,0,0,0,1,0,0,0,0,0
c9e8f6c0-c141-49f3-b6ee-1d3038de9930,1,0,0,0,0,0,0,0,0,0,0,0,0,0,0,0,0,0,0
19088ba2-de14-461d-ab36-9cdf565f999b,1,1,0,0,0,0,0,0,0,0,0,0,0,0,1,0,1,0,0
b858b887-7374-480d-ad2f-7b0209e12279,1,0,0,0,0,0,1,0,0,0,0,0,0,0,0,0,0,0,0
8b418c96-0a48-4faf-963a-fca088fceb95,0,0,0,0,1,0,1,0,0,0,0,0,0,0,0,0,1,0,0
d5380325-42b4-46c6-b74b-19a4fc4af03e,1,1,0,0,0,0,0,0,0,0,0,0,0,0,1,0,1,0,0
248a74f9-40a2-457d-b8ec-8dfd6d49f373,0,0,1,1,0,0,0,1,1,0,0,0,0,0,0,0,0,0,0
12207f03-3bab-4ebe-9fbb-090af1fcb551,0,0,0,0,0,0,0,0,0,0,0,0,1,0,1,0,1,0,0
fef07a5d-08d5-46ec-8608-4dd771fea0de,1,1,0,0,0,0,0,0,0,0,0,0,0,0,1,0,1,0,0
9db1a220-3c90-4a5c-bdc8-c237d86ee397,1,0,0,0,0,0,0,0,0,0,0,0,0,0,0,0,1,0,0
dfb23bf1-286b-4c71-9abb-1654cc3f013d,0,1,1,1,0,0,0,1,1,0,0,0,0,0,0,0,0,0,0
c45c045e-b51f-44c3-a511-efe6f7c41ea4,1,1,0,0,0,0,0,0,1,0,0,0,0,0,1,0,0,0,0
0d78d828-e9a1-432f-b22f-9ab0deb194a5,0,0,0,0,0,0,1,0,0,0,0,0,0,0,0,0,0,0,0
cff6d37b-8aab-418b-9488-112595148469,0,1,0,0,0,0,0,0,0,0,0,0,0,0,1,0,1,0,0
bb1d1323-3aa6-49cf-af2f-5095ae0a009a,0,0,0,0,0,0,1,0,0,0,0,0,0,0,0,0,0,0,0
b21de019-daf9-4b71-ab6a-ec7ed62f9178,0,1,1,1,0,0,0,1,0,0,0,0,0,0,0,0,0,0,0
6d3b5bce-4fc8-4d71-a2f6-6a81e134c7a4,0,1,1,0,0,0,0,1,0,0,0,0,0,0,0,0,0,0,0
0fce95b7-e48f-4dcb-a412-61235ff9c9f8,1,1,0,0,0,0,0,1,1,0,0,0,0,1,0,0,0,0,0
97982dc1-4b7b-4795-b264-6f517cc9c047,0,1,1,0,0,0,0,1,0,0,0,0,0,0,0,0,0,0,0
1fa188d9-310d-4dc9-b5f9-83af996c3b71,0,0,0,1,0,0,1,0,0,0,0,0,0,1,0,0,0,0,0
c15bf720-dfb1-40bc-b9d3-17b166214459,0,0,1,0,0,0,0,1,1,0,0,0,0,1,0,0,0,0,0
d221a572-5f5b-4e09-9d7f-a4b5937b56ef,0,0,0,1,0,0,1,0,0,0,0,0,0,0,0,0,0,0,0
42863dce-ead5-495a-98f2-3d12a8bae5a5,0,1,0,1,1,0,0,1,0,0,0,0,0,0,0,0,0,0,0
54badb2f-58bb-45d4-85e1-3ccf035ecb74,0,0,0,0,0,0,1,0,0,0,0,0,0,1,0,0,0,0,0
76b3c74c-d866-4e8b-b028-9fd7f27f62f3,0,1,0,1,0,0,0,1,1,0,0,0,0,0,0,0,0,0,0
42f6bb05-70f9-486e-97ce-9bfe16c3a61c,0,0,1,0,0,0,0,1,0,0,0,0,0,0,0,0,0,0,0
a8b4427b-12bf-4b02-b0f8-b921f6b9a963,1,1,0,0,0,0,0,0,0,0,0,0,0,0,1,0,0,0,0
7e60f986-8693-43cc-95ec-8989733577a9,1,1,0,1,0,0,0,1,1,0,0,0,0,0,0,0,0,0,0
873f09bc-5dc9-4438-8ce6-3e24597f827c,0,0,0,1,0,0,0,0,0,0,0,0,0,0,0,0,0,0,0
35965112-4e4b-454d-9cc5-e0e07813a7ad,0,1,0,0,0,0,0,0,0,0,0,0,1,0,1,0,0,0,0
17de597c-5d55-443d-b217-068e5ef7bda9,0,0,0,0,0,0,1,0,0,0,0,0,0,1,0,0,0,0,0
1bfde915-1be1-4711-9e3f-ac0fca39aab6,0,0,0,1,0,0,1,0,1,0,0,0,0,0,0,0,0,0,0
8e9c7347-22e0-4954-890a-8d0f28190a18,0,0,1,0,0,0,0,1,1,0,0,0,0,0,0,0,0,0,0
5eff4775-ad4c-4d84-8e73-e0bd8e0be97c,0,1,0,0,0,0,0,0,0,0,1,0,0,0,0,0,1,0,0
a4b76847-e358-4eed-a3e0-338c504547c2,0,0,0,1,0,0,1,0,0,0,0,0,0,0,0,0,0,0,0
df6df02d-ab44-4314-b58a-4040f66e58b2,1,1,0,0,0,0,0,0,0,0,0,0,0,0,0,0,1,0,0
ebd8f5e7-08f8-4c27-868f-8f5f989d4178,0,0,0,0,1,0,1,0,0,0,0,0,0,0,0,0,0,0,0
1e430034-6f40-4f13-b070-ccb6d2760a43,0,0,0,0,0,0,0,0,0,0,0,0,0,0,0,0,0,0,1
bbc7763a-bb90-4aba-8098-69ca04678332,0,0,0,1,0,0,0,1,1,0,0,0,0,0,0,0,0,0,0
abda7d54-96af-42d9-a5bd-4a2375070f73,1,1,0,0,0,0,0,0,0,0,0,0,1,0,1,0,0,0,0
bf738738-ff12-459b-b445-dea7ea3a2896,1,1,0,0,0,0,0,0,1,0,0,0,0,0,0,0,0,0,0
ba45ffa2-202e-4730-8a92-3d6f078aefdf,1,1,0,0,0,0,0,0,0,0,0,0,0,0,0,0,1,0,0
6c1d4fc9-3714-429b-80aa-23552339b08e,1,1,0,0,0,0,0,0,0,0,0,0,0,0,0,0,1,0,0
611bf490-5cd0-4444-8abe-e24491b3c7a8,0,0,0,0,1,0,0,0,0,0,0,0,0,0,0,0,1,0,0
239affbe-0ab9-4d31-994f-a03561735637,0,0,0,0,1,0,1,0,0,0,0,0,0,0,0,0,1,0,0
faf23977-3e79-4a89-ac8f-914140342909,1,1,0,1,0,0,0,0,1,0,0,0,0,0,0,0,0,0,0
3c7d6925-1e17-44b6-b7ab-c0ceef88e307,0,0,0,0,0,0,0,0,0,0,1,0,0,0,0,0,0,0,0
525361d4-6ea3-49ff-a8ee-881808f6026e,1,1,0,0,0,0,0,0,0,0,0,0,0,0,1,0,0,0,0
5676dfed-9e7a-49c1-8a91-d9c2efee39b4,1,0,0,0,1,0,0,0,0,0,0,0,0,0,0,0,1,0,0
2a7becb5-4171-49d7-ba0e-7fe126754619,1,1,0,0,0,0,0,0,0,0,0,0,1,0,1,0,0,0,0
56101058-0304-443b-bd38-d637d41a6a6a,1,0,0,0,0,0,0,0,0,0,0,0,0,0,1,0,1,0,0
e1639005-4709-455b-bc1a-5c000d7d6a8f,0,1,0,1,1,0,0,0,0,0,0,0,0,0,1,0,0,0,0
aea65de9-646a-474d-b909-561f87bbce37,1,0,0,0,0,0,0,0,0,0,0,0,0,0,0,0,0,0,0
ef746c2f-ee6d-4265-b355-3805d9077eb3,1,0,0,0,0,0,0,0,0,0,0,0,0,1,0,0,0,0,0
6d7e6c49-e332-488f-bfb6-c274561af951,1,0,0,0,0,0,0,0,0,0,0,0,0,0,0,0,0,0,0
d411ed0c-971b-42aa-9af2-4f29f6e6e2fe,0,1,0,0,0,0,1,0,0,0,0,0,0,0,1,0,0,0,0
a5f8c064-daf2-4579-8d66-1220e98a206b,1,1,0,0,0,0,1,0,0,0,1,0,1,0,1,0,1,0,0
28a35862-5167-43ef-9d68-9809473807bc,0,0,0,1,0,0,0,0,0,0,1,0,0,0,0,0,0,0,0
25696c87-d08f-462f-a2bd-2bf44321447c,0,0,0,0,0,1,0,0,0,0,0,0,0,0,0,0,0,0,0
4863be2f-5c20-43bb-90f1-73bbddfcd612,0,0,1,0,0,0,0,1,0,0,0,0,0,0,0,0,0,0,0
67d6dd82-6f68-401d-b2d6-5a0254328e6f,1,1,0,0,0,0,0,0,1,0,0,0,0,0,0,0,0,0,0
5355309c-1295-44cb-8937-096282a06ab0,0,0,0,1,0,0,0,0,0,0,0,0,0,1,0,0,0,0,0
bd6c3176-2581-4357-9389-7f9ec8ad08a2,1,1,0,0,0,0,0,0,0,0,0,0,0,0,1,0,0,0,0
b2c8cd75-22be-402b-abd2-474bbb07df04,0,1,0,0,0,0,1,1,0,0,0,0,0,0,0,0,0,0,0
59c6041c-dfaf-45b5-bf04-732d7d4d6147,1,0,0,0,0,0,0,0,0,0,0,0,0,0,1,0,1,0,0
c2ef2280-9128-4608-9e7e-e60eddbc731d,0,1,0,0,0,0,0,1,1,0,0,0,0,0,0,0,0,0,0
71c74b95-9b49-4c27-b764-9cdda17ab14e,1,0,0,0,0,0,1,0,0,0,0,0,0,0,1,0,1,0,0
b9e4f687-3475-4899-8dca-054e79dc700b,1,1,0,0,0,0,0,0,1,0,0,0,0,0,0,0,0,0,0
3e7c827b-e3b7-452a-9e26-f05c9f6f18f0,0,0,0,0,0,0,1,0,0,0,0,0,1,0,0,0,1,0,0
422b87ab-860d-4df6-b7e5-7ccc12f6d6bc,1,1,0,0,0,0,0,0,1,0,0,0,0,0,1,0,0,0,0
03591a34-0089-4816-a993-2239b9a5a6f3,0,1,1,1,0,0,0,1,0,0,0,0,0,0,0,0,0,0,0
849cd52b-deda-433a-a878-2417155102f6,1,1,0,0,0,0,0,0,1,0,0,0,0,0,1,0,0,0,0
f5399342-1004-4144-a45d-4e4576e9510a,0,0,0,0,0,0,0,0,0,0,0,0,0,0,0,0,1,0,0
fbeed1f0-3df4-44e1-8991-9544852f9e51,0,0,0,0,0,0,0,0,0,0,1,0,0,0,0,0,1,0,0
8cd0c070-5bfd-4fdf-b2d4-d674ce224a95,1,1,0,0,0,0,0,0,0,0,0,0,0,0,1,0,0,0,0
8fa06bc8-a335-4914-a33b-c66626120917,1,0,0,0,0,0,0,0,0,0,0,0,0,0,0,0,0,0,0
dfe414e2-11e9-4680-b89f-99dd20c0dc5b,0,0,0,0,0,0,0,0,0,0,0,0,1,0,0,0,1,0,0
e52fc812-2fb3-42bc-82ca-28eabee38cee,1,1,1,1,0,0,0,1,1,0,0,0,0,0,0,0,0,0,0
3b994961-037d-40db-bea3-f576d9114b6d,0,0,0,0,0,0,1,0,0,0,0,0,1,0,1,0,0,0,0
3f7a68ce-aff0-42eb-a438-420a8e6f276f,0,0,0,1,0,0,0,0,1,0,0,0,0,0,0,0,0,0,0
5cb2a08f-dc41-4d4a-b2ef-f0ad5ee83b05,0,0,0,0,0,0,1,0,0,0,0,0,0,0,0,0,0,0,0
895e69ee-c5fe-47ad-ba5e-ef4f3551147f,1,1,0,0,0,0,0,0,0,0,0,0,0,0,1,0,0,0,0
4f0d4d2d-811a-415c-958f-944d3413129e,1,0,1,1,0,0,0,1,1,0,0,0,0,0,0,0,0,0,0
402af4af-3449-4c97-a96a-bf7d8dee7413,1,1,0,0,0,0,1,0,0,0,0,0,0,0,1,0,0,0,0
5340532c-946d-4f0d-a251-4977e571db4f,0,0,0,0,1,0,0,0,0,0,0,0,1,0,0,0,1,0,0
76f1c78f-eec4-41d8-81d7-c39526a19d25,0,1,0,0,0,0,1,0,0,0,0,0,0,1,1,0,0,0,0
3e274fe9-69b7-4bf0-9334-4856b82ba577,0,0,0,0,1,0,0,0,0,0,1,0,1,0,0,0,1,0,0
8c0f6fce-346c-4a58-bf48-1b1892dd7b69,1,0,1,1,0,0,0,1,0,0,0,0,0,0,0,0,0,0,0
68e4d672-a8fd-453f-bc45-61864a109bfa,1,1,0,0,0,0,0,0,0,0,0,0,0,0,1,0,0,0,0
51299833-0e99-4692-acb4-24e601fdee2f,0,0,1,0,0,0,1,1,0,0,0,0,0,0,0,0,0,0,0
69e5ea98-f301-46c0-b83f-1a777a6ae652,0,0,0,1,0,0,0,0,0,0,0,0,0,1,0,0,0,0,0
d2dd078d-9c89-42b7-99d8-adf77663f902,1,1,0,0,0,0,0,0,0,0,0,0,0,0,0,0,1,0,0
faaa5a82-9298-475e-ae51-20658bc393d5,1,1,0,0,0,0,0,0,0,0,0,0,0,0,0,0,1,0,0
f5d34a81-c371-4363-bd4e-c5d469db850d,1,1,0,0,0,0,0,0,1,0,0,0,0,0,0,0,0,0,0
75ffbc8d-d113-45ca-8f53-192df9dbf00f,1,1,1,0,0,0,0,0,0,0,1,0,1,0,1,0,0,0,0
7df31381-9b51-4f47-b983-6090b1f5bb93,0,1,0,0,0,0,0,0,0,0,0,0,0,0,1,0,0,0,0
c494a4bf-4a62-4884-b6ab-6f01f42cebea,0,1,1,0,0,0,0,1,0,0,0,0,0,0,0,0,0,0,0
f0df1c97-68ff-498d-bdba-157d43282259,0,1,0,1,0,0,0,1,0,0,0,0,0,0,1,0,0,0,0
4c58132f-df39-4c6c-91cd-0d1a444331b2,1,0,0,1,0,0,1,0,0,0,0,0,0,0,0,0,1,0,0
2842201c-6862-48ef-a507-8df6b8159bbd,0,0,1,1,0,0,0,1,0,0,0,0,0,0,0,0,0,0,0
b66e293c-1e8f-4e69-8094-fc47cdd467fa,1,0,0,0,1,0,0,0,0,0,0,0,0,0,0,0,0,0,0
40810214-7fe8-4f00-859c-d29d853c404e,0,0,0,1,0,0,1,0,0,0,0,0,0,1,0,0,0,0,0
e8f2f5d1-f244-44b5-b708-bd0e27c055c3,0,0,0,0,0,0,1,0,1,0,0,0,0,0,0,0,0,0,0
26de60a7-ad68-4241-bd96-cbdd30b0164a,1,1,0,0,0,0,0,0,0,0,0,0,0,0,1,0,0,0,0
f0dc8edf-a871-4a52-9464-59c4950167da,0,0,1,1,0,0,0,1,1,0,0,0,0,0,0,0,0,0,0
27418434-6193-42ce-a828-dae2fc8033cd,1,1,0,1,0,0,0,1,0,0,0,0,0,0,1,0,0,0,0
5d489cde-9cd1-427a-8ce1-db901564b494,1,1,0,0,1,0,0,0,0,0,0,0,0,0,0,0,0,0,0
0fd9ff30-7738-40bb-9ac1-61826ed0e980,0,0,0,1,0,0,0,0,0,0,0,0,0,0,0,0,0,0,0
010a3874-49f5-4b8d-8bc0-f8552ad41a59,1,1,0,0,0,0,0,0,0,0,0,0,0,0,0,0,1,0,0
2d69a387-3070-4e9b-ab00-e4a5bcca3e19,0,0,1,0,0,0,0,1,0,0,0,0,0,0,0,0,0,0,0
16a1cb15-d25f-46b4-886b-995592a2cab6,0,0,0,0,0,0,0,0,0,0,0,0,1,0,0,0,1,0,1
11c9c589-6f96-4a22-b2a6-70abb894885e,1,0,0,0,0,0,1,0,1,0,0,0,0,0,0,0,0,0,0
6bfaa3ce-95c6-4218-b7f5-207bf57ac0c5,0,0,1,0,0,0,0,1,0,0,0,0,0,0,0,0,0,0,0
8b9c1db0-8c3c-49e0-93d7-cd23720da49c,0,0,0,0,0,0,1,0,0,0,0,0,1,0,0,0,1,0,0
8fa52431-7377-4377-9281-71fdcc456b6a,1,0,0,0,1,0,0,0,0,0,0,0,0,0,0,0,0,0,0
1e214433-db8b-414f-870c-536eb3b08a72,0,1,0,0,0,0,0,0,1,0,0,0,0,0,1,0,0,0,0
6d8e4ab4-66e1-4225-af32-05233e9c1d48,0,0,0,0,0,0,0,0,0,0,0,0,1,0,0,0,1,0,0
df8fb555-7ba2-444d-a9a5-c9f89ea6b78e,1,1,0,0,0,0,0,0,0,0,0,0,0,0,1,0,1,0,0
98040d83-e81a-4058-8643-e47061816e26,1,1,1,1,0,0,0,1,1,0,0,0,0,0,1,0,0,0,0
e73b71a2-5c35-4e1b-a85e-b7fc4b03f73f,1,1,0,0,0,0,1,0,0,0,0,0,0,0,0,0,0,0,0
db04a4fb-31e5-4600-9e50-cf2313837fb8,1,0,0,0,1,0,0,0,0,0,0,0,0,0,0,0,1,0,0
b06ea621-e4ed-4dfb-9375-36169a17cf39,1,0,0,0,0,0,1,0,0,0,0,0,0,0,0,0,0,0,0
bea9ccd8-c065-45a4-993f-719d6ad83139,1,1,0,0,0,0,0,0,1,0,0,0,0,0,1,0,0,0,0
5fcd7295-a427-4439-8877-c27d416f4d1b,0,0,0,0,0,0,0,1,1,0,0,0,0,0,0,0,0,0,0
d159863d-fca1-491c-a8e8-036b28e34cd2,1,0,0,0,0,0,0,0,0,0,0,0,1,0,1,0,1,0,0
26c81900-18d8-4250-b0b4-0f4cec20aadc,0,0,1,0,0,0,0,1,0,0,0,0,0,0,0,0,0,0,0
b311c3cd-3480-4ebb-834a-f88ec2c4b616,0,0,0,0,0,0,1,0,0,0,1,0,0,0,0,0,0,0,0
e61dd583-9936-41ac-bffe-3063c8de46e2,0,1,1,1,0,0,0,1,0,0,0,0,0,0,0,0,0,0,0
0f8c5e17-8ea4-42b3-ae79-0ee7ecec01c8,1,1,0,0,0,0,0,0,0,0,0,0,0,0,0,0,1,0,0
59d4e6ca-59b0-4bed-8718-2f11d84808e2,1,0,0,0,0,0,0,0,0,0,0,0,0,0,1,0,0,0,0
c08d78d9-1f1f-48fc-a115-087f513b745c,0,0,0,0,0,0,1,0,0,0,0,0,0,0,0,0,0,0,0
3d4905ac-0fb4-4eae-a19d-63b95d1ddf05,0,0,0,0,0,0,1,0,0,0,0,0,0,1,0,0,1,0,0
b10156fa-c8be-4f89-860d-f8afb201f594,0,0,0,0,0,0,1,0,0,0,0,0,1,0,0,0,1,0,0
c9427fd9-9209-4916-bf53-97d786f8ecb2,0,0,0,0,1,0,1,0,0,0,0,0,0,0,0,0,1,0,0
6d07fc76-25cd-4884-878c-de854f5eab60,0,0,0,1,0,0,0,0,0,0,0,0,0,0,0,0,0,0,0
9e259069-167b-4bfc-9abc-893c7e7a4793,0,0,0,1,0,0,0,0,1,0,0,0,0,0,0,0,0,0,0
31db35d1-81a4-4e4c-aac1-8a4a1f5ebb5f,0,0,0,0,0,0,1,0,0,0,0,0,0,0,0,0,1,0,0
3ede6724-8b09-48b0-a5a1-b75a20b4a3a7,0,0,0,1,0,0,0,0,0,0,0,0,0,0,0,0,0,0,0
4bce08a3-5f14-45b6-9e48-0df54101e652,0,0,0,1,0,0,0,0,0,0,0,0,0,0,0,0,0,0,0
ae75bbf1-18d2-423c-b0af-604905fd3e70,0,0,0,0,0,0,1,1,0,0,0,0,0,0,0,0,0,0,0
ac4c61c0-740d-4043-959e-4b5510debffa,0,0,0,0,0,0,1,0,0,1,0,0,0,0,0,0,0,0,0
f3558379-a39f-48bc-91d1-d13a0fa67b05,0,0,0,1,0,0,0,0,0,0,1,0,0,0,0,0,0,0,0
8159c9bd-7eef-4007-a1ca-57dd6250d9eb,0,1,0,0,0,0,0,0,1,0,0,0,0,0,0,0,0,0,0
6592d8e5-12bd-4a21-a488-35b0edcbcd03,1,1,0,0,0,0,0,0,0,0,0,0,0,0,1,0,0,0,0
b126e021-9a5e-47b6-ae01-2503eaa34437,0,1,0,0,0,0,0,1,1,0,0,0,0,0,1,0,0,0,0
5eaa669e-cb49-4e46-9390-7cb24a8a8c32,0,0,0,0,0,0,0,0,0,0,0,0,1,0,1,0,1,0,0
ad40b824-cc01-4d63-b875-616157e16368,0,0,0,1,0,0,0,0,0,0,0,0,0,0,0,0,0,0,0
d1b863b8-4502-43d9-b21d-85a21b86f8b9,0,0,0,1,0,0,0,0,1,0,0,0,0,1,0,0,0,0,0
523e6509-58a3-4b5e-b9f4-ffb0441c748c,1,1,0,0,0,0,0,0,1,0,0,0,0,0,0,0,0,0,0
25d99c63-06c4-4469-acbb-7e51bc63e97a,1,0,0,0,0,0,0,0,0,0,0,0,0,0,1,0,0,0,0
a35c5fb5-f14a-4852-b91c-c6f5e3a9c1b6,1,0,0,0,0,0,0,0,0,0,0,0,0,0,0,0,1,0,0
0224f570-1e86-4a77-a90c-9b1732ac5ad3,0,0,0,0,0,0,1,0,0,0,0,0,0,1,0,0,0,0,0
61531f0f-1f7f-486a-b253-ed02cee7e1c6,1,0,0,0,0,0,1,0,0,1,0,0,0,0,0,0,0,0,0
f357e985-7830-413b-af85-7374da6e4070,0,0,0,0,0,1,0,0,0,0,0,0,0,0,0,0,0,0,0
7b6c966d-26d8-4160-adbe-906a61b705da,1,0,0,0,1,0,0,0,0,0,0,0,0,0,0,0,1,0,0
bf14861d-c13d-4ed7-bf80-748a9919380f,0,0,0,0,0,0,1,0,0,1,0,0,0,0,0,0,0,0,0
f2623864-a096-492c-babe-e1b34a1e52af,0,0,0,0,0,0,0,0,0,0,1,0,0,0,1,0,1,0,0
ebc73c87-3cd6-40e7-a59b-ad8524918c3b,0,0,0,0,0,0,1,0,0,1,0,0,0,0,0,0,0,0,1
05f76f0e-78e6-406b-a1e9-9938cebbcb96,1,0,0,0,1,0,0,0,0,0,0,0,0,0,0,0,1,0,0
7040517a-e06e-4582-b31f-79507188c6e3,1,0,0,1,1,0,0,0,0,0,0,0,0,0,0,0,1,0,0
666904ed-f723-4025-8bc1-ea9d60b2968c,0,0,0,0,1,0,1,0,0,0,0,0,0,0,0,0,1,0,0
32da6958-63af-4615-a4bf-4879bdffce71,0,1,1,1,0,0,0,1,0,0,0,0,0,0,0,0,0,0,0
627f07bf-c5db-4bf6-83d8-a2b92bd0dc6d,1,0,0,0,1,0,0,0,0,0,0,0,0,0,0,0,1,0,0
f79d101f-2646-4468-9b2a-962d93e31abd,0,0,0,0,0,0,1,1,0,0,0,0,0,0,0,1,0,0,0
d0a75f41-5305-425d-b168-beeecfb8c089,0,0,0,1,0,0,0,0,1,0,0,0,0,0,1,0,0,0,0
871a7343-6aea-452c-ba35-5af7bc876be0,0,0,0,0,1,0,1,0,0,0,0,0,0,0,0,0,1,0,0
d514f147-7774-4b81-9137-ee46eee29c10,1,1,0,0,0,0,0,0,0,0,0,0,0,0,1,0,0,0,0
320d3e54-7ef7-4095-9111-1e14b41b8ce4,1,0,0,0,0,0,0,0,0,0,0,0,0,0,0,0,1,0,0
1f949bb9-e891-4a26-abdf-9c21763b5ddb,1,0,0,0,1,0,1,0,0,0,0,0,0,0,0,0,1,0,0
1b5c762b-959b-4390-ba56-4af6cc60dc95,0,0,0,0,0,0,0,0,0,0,1,0,0,0,0,0,1,0,0
87466152-30f0-40ce-a84e-821722c8dafb,0,1,1,1,0,0,0,0,0,0,0,0,0,0,0,0,0,0,0
87d08add-89aa-4e58-850a-2b43c96523dd,0,0,0,0,0,0,1,0,0,0,0,0,0,0,1,0,1,0,0
221a34fa-b43f-409a-906a-993eddd83d10,1,1,0,0,0,0,0,0,1,0,0,0,0,0,0,0,0,0,0
04260233-ac0a-4820-894e-f305d3b228d8,1,0,0,0,0,0,0,0,0,0,0,0,0,0,1,0,1,0,0
79f66a80-dd65-4cab-bd8d-83a3add0af29,0,0,0,1,0,0,0,0,0,0,0,0,0,0,0,0,0,0,0
5ab22ca5-3637-49f3-8bce-03d4043bbd47,1,0,1,0,0,0,0,0,0,0,0,0,0,0,1,0,0,0,0
a97b6a9a-2420-41f3-b3ad-0ee2be210d8d,1,0,0,0,0,0,0,0,1,0,1,0,0,0,0,0,1,0,0
355dcca7-7432-481f-8e1c-4676286c205e,0,0,0,0,0,0,0,0,0,0,1,0,1,0,0,0,0,0,0
8eabb57d-f2f7-4bed-ab67-a6e3cf55b614,1,1,0,0,0,0,0,0,0,0,0,0,0,0,1,0,0,0,0
71a75a4a-44f3-41bd-9514-10dc5d533a23,0,0,0,1,0,0,0,0,0,0,0,0,0,0,0,0,0,0,0
172be3dc-8fe0-4bb9-b4b6-41373d7c9747,0,0,0,1,0,0,0,0,0,0,0,0,0,0,0,0,0,0,0
ad63b113-fce6-4585-8c2e-57f5ab5c15d2,1,1,0,0,0,0,0,1,0,0,0,0,0,0,1,0,0,0,0
2e2a858b-617c-42de-9778-ba0a6916aead,1,0,0,0,0,0,1,0,0,0,0,0,0,0,1,0,1,0,0
c421ac99-1064-49b2-8b44-e3755230a1c2,0,0,0,1,0,0,0,1,0,0,0,0,0,0,1,0,0,0,0
71ae7afa-ce23-48d5-a413-d6cb72522394,1,1,0,0,0,0,0,0,0,0,0,0,0,0,0,0,1,0,0
943c1bdf-47df-4703-905d-7b28190022d3,0,0,0,0,0,0,0,0,0,0,1,0,0,0,0,0,1,0,0
7426a4e2-06a6-47f0-9f9f-87fed9a41e66,1,1,0,0,0,0,0,0,0,0,0,0,0,0,0,0,1,0,0
c3b4c805-d7c8-42cd-a4ee-b8dbbaac5768,1,0,0,0,0,0,1,0,0,0,0,0,0,1,0,0,1,1,0
7bf126b7-24e1-49dd-b822-b7502a008492,1,0,0,0,0,0,0,0,0,0,0,0,0,0,1,0,1,0,0
97fb6aab-8626-43dd-9c66-eec25e9b342f,0,0,0,0,0,0,1,0,0,0,0,0,0,0,1,0,0,0,0
8beffd5d-be89-4768-baee-8afc2bec8314,1,1,0,0,0,0,0,0,0,0,0,0,0,0,1,0,1,0,0
73a36a9d-0b1d-4e66-bed0-cf04b6fd5cf9,0,1,0,1,0,0,0,0,0,0,0,0,0,0,0,0,0,0,0
a0888b7a-e105-4b5f-a300-0cced1ccb813,1,1,0,0,0,0,0,0,0,0,0,0,0,0,1,0,0,0,0
a820dae3-be99-4591-9e9b-02e2a1d98e2d,1,0,1,0,0,0,0,0,0,0,0,0,0,0,1,0,0,0,0
e138f17f-39a1-4d97-81a6-000d2ef97d1a,0,0,0,0,0,0,1,0,0,1,0,0,0,0,0,0,0,0,0
e6ecf666-6061-46db-83d6-d691ac370978,0,0,0,0,0,0,0,0,0,0,1,0,1,0,0,0,1,0,0
ef791d74-7858-4037-9ca6-7d00b44524ae,1,1,0,0,0,0,0,0,0,0,0,0,0,0,1,0,0,0,0
88fa209b-dbf8-453f-9870-6b0f5f59a49a,0,0,0,1,0,0,0,0,0,0,0,0,0,1,0,0,0,0,0
09087d4f-6d86-4343-8197-08b8f1de3ac2,0,0,1,0,0,0,0,0,0,0,0,0,0,0,0,0,0,0,0
0dde4917-ef75-473c-b15c-ec5dc071ad31,0,0,0,0,0,0,1,0,0,1,0,0,0,1,0,0,0,1,0
ae723312-582e-424d-bf3e-324cda12c5af,0,0,0,0,0,0,0,0,0,0,1,0,1,0,0,0,0,0,0
5b52bf6d-a4dd-478b-9af5-c7a0537294e1,0,0,0,1,0,0,0,0,0,0,1,0,1,0,1,0,1,0,0
59ee5b9f-88f5-47e6-8198-0541d27e8ab5,0,0,0,0,0,0,1,0,0,0,0,0,0,0,0,0,0,0,1
fdcb4427-5e6c-4bcd-af7c-a74bf2ca4fbe,1,0,0,0,0,0,0,0,0,0,0,0,0,0,1,0,0,0,0
967150e0-eb3b-4542-a032-85f74d8f4468,0,0,0,0,0,1,0,0,0,0,0,0,0,0,0,1,0,0,0
